;1881-01-21_1
chambre;79.0
député;16.0
session;5.0
ordinaire;3.0
compte;7.0
rendu;3.0
extenso;1.0
séance;21.0
vendredi;1.0
janvier;4.0
sommaire;1.0
demande;32.0
congé;4.0
communication;2.0
président;88.0
télégramme;1.0
marquis;7.0
valfons;12.0
donne;3.0
démission;7.0
secrétaire;21.0
tour;15.0
-scrutin;1.0
nomination;18.0
vice-président;12.0
scrutin;39.0
questeur;11.0
proclamation;1.0
résultat;11.0
incident;5.0
paul;7.0
bethmont;4.0
déclaration;5.0
chambra;2.0
scrùtin;1.0
valable;4.0
relatif;7.0
élection;19.0
remplacement;5.0
démissionnaire;1.0
ganivet;4.0
cazeaux;5.0
constitution;2.0
bureau;38.0
définitif;11.0
allocution;2.0
gambetta;4.0
présentation;2.0
ministre;26.0
finance;22.0
projet;28.0
loi;92.0
portant;7.0
fixation;6.0
bud;1.0
get;1.0
général;5.0
exercice;5.0
ouverture;7.0
budget;40.0
ministère;7.0
crédit;5.0
supplémentaire;2.0
compléter;1.0
remboùrsement;1.0
obligation;2.0
court;2.0
terme;5.0
échues;2.0
poste;3.0
télégraphe;2.0
nom;9.0
marine;8.0
approbation;6.0
convention;2.0
passée;3.0
compagnie;8.0
messagerie;2.0
maritime;8.0
exploitation;2.0
service;9.0
postal;2.0
france;9.0
nouvelle-calédonie;2.0
desservant;2.0
réunion;7.0
australie;2.0
haentjens;15.0
décision;5.0
léon;3.0
renault;3.0
discours;2.0
imprimé;6.0
affiché;1.0
commune;3.0
dépôt;9.0
maunoury;3.0
rapport;30.0
commission;16.0
chargée;2.0
examiner;4.0
adopté;2.0
sénat;2.0
objet;9.0
chemin;11.0
ruraux;2.0
sarrien;2.0
classement;2.0
fer;10.0
utilité;3.0
publique;6.0
laumes;1.0
epinac;1.0
gasté;2.0
proposition;75.0
tendant;3.0
accorder;5.0
pension;15.0
veuve;3.0
mari;1.0
mourront;2.0
an;6.0
ser;1.0
vice;2.0
cuneo;8.0
ornano;9.0
appel;2.0
activité;5.0
soldat;3.0
armée;8.0
territoriale;1.0
règlement;11.0
ordre;63.0
jour;62.0
guichard;4.0
lelièvre;3.0
emile;3.0
girardin;2.0
naquet;5.0
truelle;8.0
floquet;7.0
ballue;2.0
larochejoubert;1.0
saint;1.0
martin;2.0
clémenceau;4.0
baron;2.0
larrey;3.0
casimir-perier;5.0
terpellation;1.0
liquidation;4.0
extraordinaire;8.0
discussion;57.0
demain;5.0
présidence;1.0
successive;1.0
desseaux;2.0
doyen;2.0
ouverte;2.0
minut-s;1.0
adrien;1.0
bastld;1.0
provisoire;6.0
lecture;2.0
procès-verbal;1.0
hier;8.0
hérault;1.0
renvoyée;1.0
com;2.0
mission;2.0
reçu;2.0
dépêche;4.0
lyon;1.0
pari;4.0
honneur;12.0
écrire;1.0
retirer;1.0
candidature;2.0
persiste;1.0
résolution;2.0
remerciant;1.0
coilègues;1.0
témoignage;2.0
estime;2.0
oat;1.0
accordé;2.0
conséquence;1.0
scr;1.0
ain;1.0
seia;1.0
procédé;5.0
démissionnai;1.0
appelle;1.0
second;7.0
prie;5.0
scrutateur;3.0
désignés;1.0
sort;3.0
vouloir;7.0
coritinner;1.0
remplir;2.0
fonction;4.0
ouvert;3.0
quart;2.0
fermé;2.0
moment;8.0
bulletin;5.0
emportés;1.0
salle;1.0
voisin;1.0
opèrent;1.0
dépouiilement;1.0
appslle;1.0
ques-;1.0
teurs;1.0
dépouillement;7.0
précédent;4.0
viceprésident;1.0
nombre;23.0
votantg;1.0
blanc;2.0
suffrage;8.0
exprimés;3.0
majorité;12.0
absolue;7.0
obtenu;5.0
voix;9.0
dilbodan;1.0
darfort;1.0
rac;1.0
perdues;2.0
remarquerez;1.0
Monsieur;27.0
votant;5.0
atteint;9.0
quorum;10.0
est-à-dire;1.0
prescrit;1.0
sorte;1.0
avez;24.0
décider;1.0
scratin;1.0
nécessité;1.0
ouvrir;1.0
interruption;2.0
auche;1.0
article;16.0
applicable;3.0
paifaitement;1.0
raison;2.0
poser;2.0
question;14.0
puis;8.0
nouvelle;6.0
présen;1.0
tée;1.0
actuelle;4.0
assemblée;6.0
nationale;4.0
sais;2.0
ailleurs;1.0
avons;8.0
seul;1.0
noas;1.0
appliquer;1.0
doute;2.0
compare;1.0
régirsent;1.0
matière;3.0
porte;2.0
applique;1.0
lieu;12.0
nommer;5.0
législature;5.0
expression;1.0
lire;2.0
art;1.0
installation;3.0
âge;3.0
immédiatement;8.0
séparé;1.0
cas;4.0
ballolage;1.0
relative;28.0
surfit;1.0
égalité;1.0
âgé;2.0
nommé;3.0
tiré;1.0
dépouillent;1.0
proclame;2.0
somme;6.0
fia;1.0
année;4.0
recommence;1.0
viceprésidents;2.0
règle;3.0
situation;6.0
compose;1.0
siéger;1.0
rôle;1.0
publiques;2.0
forme;3.0
déterminées;1.0
conséquent;1.0
régit;2.0
est-il;1.0
constaté;4.0
journal;2.0
officiel;2.0
quar;1.0
trième;1.0
ensuite;2.0
pouvons;3.0
savoir;5.0
dernier;7.0
caarn;1.0
bra;1.0
li;2.0
qoant;1.0
srcutin;1.0
nécessaire;4.0
ajouté;1.0
propose;4.0
remettre;2.0
prochaine;2.0
dépouillé;4.0
collègue;6.0
pensent;1.0
puisqu;2.0
réalité;1.0
vote;17.0
puisse;3.0
régulièrement;1.0
puient;1.0
soutenir;1.0
opinion;1.0
contraire;1.0
réponse;1.0
très-nettes;1.0
faire;13.0
double;1.0
objection;2.0
foia;1.0
agi;1.0
membre;9.0
situition;1.0
fût;1.0
jamais;2.0
scru-;1.0
tin;1.0
serait;3.0
-un;1.0
travail;3.0
parfaitement;1.0
inutile;1.0
qua;1.0
dépouiller;1.0
avance;3.0
déclaré;1.0
constater;2.0
eecrétaije;1.0
placé;2.0
recevant;1.0
boule;3.0
constatent;1.0
montent;1.0
tribune;4.0
voter;4.0
met;1.0
casier;1.0
spécial;2.0
déclare;2.0
attente;1.0
prolongée;1.0
chiffre;2.0
voulu;2.0
peut-être;1.0
consulte;7.0
veut;3.0
attendre;2.0
encoie;1.0
lendemain;2.0
cap;1.0
annonce;1.0
constatation;2.0
faite;3.0
recommencé;1.0
ignore;1.0
produit;3.0
monde;3.0
sait;2.0
pauvre;1.0
corbeille;1.0
égarée;1.0
réclamé;1.0
pouvait;1.0
rire;2.0
relevé;2.0
rémip;1.0
montré;1.0
suffisant;1.0
constituer;1.0
arrivé;1.0
exceptionnellement;1.0
erreur;2.0
matérielle;2.0
remis;2.0
exceptionnelle;1.0
provenant;1.0
égare;1.0
jugement;2.0
constate;2.0
contrôle;1.0
chargé;2.0
recevoir;1.0
déclarer;1.0
résulte-t-il;1.0
insoluble;1.0
édicté;1.0
générale;9.0
laissez-moi;2.0
remarquer;2.0
convaincu;1.0
entendu;4.0
prise;7.0
conçu;2.0
présence;4.0
légal;3.0
nécesjiaire;1.0
validité;6.0
présent;2.0
unanime;2.0
pro;2.0
cédé;1.0
agit;6.0
remise;1.0
continue;1.0
impossibilité;1.0
défaut;1.0
porté;2.0
eet;2.0
voyez;2.0
prévu;1.0
concerne;2.0
ajoute;2.0
dit;4.0
exprime;1.0
parle;2.0
décif;1.0
ion;1.0
soient;2.0
résumé;1.0
insuffisant;1.0
coï;1.0
y-aï;1.0
ufo-i;1.0
ccmpé;1.0
nui;1.0
vuui;1.0
hyrz;1.0
joniié;1.0
application;1.0
gauche;12.0
pss;1.0
motif;1.0
abstention;1.0
volontaire;1.0
absence;1.0
retarder;1.0
droit;4.0
constitaer;1.0
face;3.0
icle;1.0
expliqué;1.0
espèce;1.0
proclamer;3.0
purement;1.0
simplement;3.0
vies-président;1.0
marque;9.0
entend;3.0
conformément;1.0
interprétation;1.0
vient;4.0
donnée;2.0
règ;1.0
ement;1.0
consultée;10.0
prononce;2.0
conséqnence;1.0
proclamé;1.0
élu;3.0
donné;2.0
procéder;5.0
pourvoir;1.0
annoncer;1.0
allait;1.0
crois;15.0
devoir;2.0
présenter;2.0
observation;4.0
résulte;1.0
renseignement;1.0
donner;2.0
honorable;9.0
aurait;3.0
envoyé;1.0
voudrait;1.0
point;4.0
signalé;1.0
vrai;1.0
lettre;3.0
contenait;1.0
portait;1.0
refus;3.0
connaissance;2.0
fondant;1.0
pourrait;3.0
inviter;2.0
invoque;1.0
télégraphique;4.0
parvenu;1.0
main;2.0
déclarerait;1.0
accepter;1.0
considérera;1.0
revêtue;1.0
signature;1.0
authentique;1.0
teur;1.0
destinée;1.0
demeurer;1.0
archive;2.0
parlement;3.0
acceptation;1.0
bruit;2.0
révoquent;1.0
sincérité;2.0
faisais;1.0
signées;2.0
mise;7.0
abri;1.0
contestation;2.0
arrête;1.0
davantage;1.0
semble;2.0
beaussire;1.0
conteste;1.0
direction;2.0
durée;1.0
limitée;1.0
occupe;2.0
fauteuil;5.0
assisté;1.0
sems;1.0
remplissent;1.0
con-;2.0
sommée;1.0
vacance;1.0
sein;2.0
produire;1.0
circonstance;1.0
indépendant;1.0
principe;2.0
faut;6.0
renvoyer;2.0
soin;3.0
statuer;2.0
annoncée;1.0
part;2.0
mafquis;1.0
appartiendra;1.0
régler;2.0
mettre;14.0
assentiment;3.0
tiersot;1.0
demandons;6.0
ajournement;5.0
consulter;5.0
renvoi;5.0
lepère;2.0
pur;3.0
simple;5.0
date;1.0
charles;2.0
abbatucci;1.0
dre;1.0
soumis;1.0
réflexion;1.0
apprécierez;1.0
permission;3.0
exposer;1.0
pouvez;1.0
sortir;2.0
limite;1.0
fixé;7.0
accord;4.0
proposer;1.0
dénégation;1.0
centre;3.0
enfonce;1.0
port;1.0
borne;1.0
demander;6.0
fixer;4.0
langlois;1.0
ré-;1.0
gulière;1.0
engager;1.0
conversation;1.0
dis;2.0
constitué;3.0
accepte;1.0
ultérieurement;2.0
celil;1.0
berlet;1.0
chose;3.0
connaîtrez;1.0
règlera;1.0
mets;1.0
secré;1.0
tairer;1.0
posée;1.0
tjau;1.0
may;1.0
margaine;2.0
madier;1.0
montjau;1.0
mahy;1.0
invite;1.0
venir;2.0
prendre;3.0
place;6.0
partient;1.0
pris;2.0
terminée;1.0
constituée;1.0
adresse;1.0
entière;1.0
remerciement;1.0
méritent;1.0
zèle;1.0
quils;1.0
mis;7.0
permettra;3.0
ajouter;1.0
éprouvons;1.0
plaisir;1.0
voir;2.0
verte;1.0
vieillesse;1.0
inentie;1.0
effort;3.0
-lui;1.0
imposent;1.0
applaudissement;15.0
prenant;2.0
possession;1.0
appelé;1.0
sens;3.0
difficulté;1.0
exprimer;1.0
plénitude;1.0
reconnaissance;2.0
éprouve;1.0
haute;1.0
confiance;2.0
ouvre;1.0
couronnement;1.0
mener;1.0
parfait;1.0
achèvement;1.0
rude;1.0
tâche;1.0
imposée;1.0
pays;7.0
aboutir;1.0
complètement;1.0
disais;1.0
reste;5.0
déjà;7.0
mémorable;1.0
lutte;3.0
octobre;1.0
inauguré;1.0
exécution;1.0
volonté;2.0
fin;3.0
entreprise;1.0
pouvoir;1.0
personnel;2.0
ancien;17.0
parti;3.0
restauré;1.0
gouvernement;4.0
grand;12.0
acte;1.0
clémence;1.0
prévoyance;1.0
politique;4.0
jeté;1.0
voile;1.0
discorde;1.0
civil;1.0
courir;1.0
péril;1.0
républicain;2.0
répondu;1.0
sentiment;2.0
humanité;1.0
générosité;1.0
puissants;1.0
âme;1.0
français;3.0
banc;10.0
prédilection;1.0
éducation;2.0
rétabli;1.0
intégrité;1.0
etat;4.0
méconnu;1.0
assuré;2.0
instruction;1.0
jeune;1.0
constituant;1.0
respect;1.0
absolu;1.0
liberté;7.0
conscience;4.0
ftrès-bien;1.0
très-bien;16.0
fortement;1.0
réorganisé;2.0
enseignement;3.0
supérieur;1.0
secondaire;1.0
doté;2.0
richement;1.0
branche;2.0
préparé;1.0
magnifique;1.0
moisson;1.0
hom;1.0
avenir;1.0
travaux;2.0
public;3.0
impulsion;1.0
décisive;1.0
population;1.0
contribué;1.0
denier;1.0
création;1.0
ligne;1.0
enfin;7.0
réciprocité;1.0
posséder;1.0
moyen;4.0
transport;1.0
échange;1.0
trèsbien;3.0
culi;1.0
utù;1.0
aiuitj;1.0
dunkerque;1.0
marseille;1.0
entrer;1.0
efficacement;2.0
entrepôt;1.0
europe;1.0
route;1.0
canal;1.0
largement;2.0
dotés;1.0
restaurés;1.0
agrandis;1.0
créé;1.0
complèteront;1.0
admirable;3.0
ensemble;1.0
terrestres;1.0
côté;1.0
outillage;2.0
industriel;1.0
économique;1.0
jaloux;1.0
réformé;1.0
refondu;1.0
militaire;16.0
naval;1.0
êtes;3.0
montrés;1.0
préoccupés;1.0
terre;1.0
mer;1.0
garde;1.0
emploi;1.0
immense;1.0
matériel;1.0
retraite;3.0
officier;3.0
améliorée;1.0
constante;1.0
sollicitude;1.0
état-major;1.0
saisi;3.0
remanier;1.0
recrutement;2.0
organiser;1.0
administration;2.0
avancement;1.0
permis;1.0
croire;1.0
séparerez;1.0
celvre;1.0
défense;1.0
accomplir;1.0
pareil;1.0
programme;1.0
giâce;1.0
puissance;1.0
épargne;1.0
au-delà;1.0
value;1.0
large;1.0
dégrèvement;1.0
impôt;1.0
allégé;1.0
établi;1.0
équilibre;1.0
pair;1.0
créitt;1.0
spéciale;1.0
intérêt;12.0
économie;1.0
sociale;1.0
refonte;1.0
intégrale;1.0
tarif;2.0
douane;2.0
réforme;1.0
postale;1.0
fusion;1.0
serv;1.0
longue;1.0
série;2.0
affaire;1.0
resteront;1.0
preuve;1.0
compétence;1.0
attendant;1.0
atteinte;1.0
favorisé;1.0
pratique;1.0
presse;11.0
affranchi;1.0
délibération;1.0
légale;1.0
association;1.0
professionnel;1.0
carrière;1.0
remplie;1.0
parcourue;1.0
milieu;1.0
paix;3.0
profonde;1.0
touche;2.0
maintien;3.0
union;1.0
gollvernement;1.0
inaltérable;1.0
prolongés;2.0
dépit;1.0
assertion;1.0
fondement;1.0
entier;1.0
extérieure;2.0
cacher;1.0
dessein;1.0
secret;1.0
aventure;1.0
répétés;3.0
garantie;1.0
tient;2.0
dépend;1.0
souveraineté;1.0
démocratie;1.0
digne;1.0
forte;1.0
but;2.0
progrès;1.0
démocratique;1.0
intérieur;1.0
espérance;1.0
permettront;1.0
consultation;1.0
adopterez;1.0
interroger;1.0
universel;2.0
siégez;1.0
reprise;1.0
mode;1.0
nation;1.0
roccaioù;1.0
prononcer;3.0
fur;3.0
actps;1.0
vigoureusement;1.0
sanc-;1.0
vori-;1.0
contester;1.0
voue;1.0
eiroue;1.0
communion;1.0
aidées;1.0
applaulissements;1.0
veux;4.0
tirsr;1.0
manifestation;1.0
réitérées;1.0
faveur;1.0
république;2.0
persévérer;1.0
entrés;1.0
répondre;2.0
franc;1.0
entourer;1.0
avom;1.0
fondé;1.0
institution;1.0
libéral;1.0
démocratiques;1.0
réunir;2.0
patriote;1.0
mouvement;1.0
prolongé;1.0
pot;1.0
magnin;1.0
déposer;9.0
distribué;6.0
renvoyé;3.0
discuté;1.0
examen;3.0
donnerai;1.0
veille;1.0
vue;1.0
pourrez;1.0
désirez;1.0
buiget;1.0
pourcomplèter;1.0
rembaursement;1.0
opposition;2.0
cochery;1.0
télé;1.0
graphe;1.0
marina;1.0
approhation;1.0
commissioa;1.0
ha-ntjens;1.0
demandée;2.0
propos;1.0
haent;1.0
jens;1.0
tâte;1.0
arrive;2.0
bulget;1.0
suit;1.0
étudié;1.0
convient;1.0
soif;1.0
if-i;1.0
iiié;1.0
icsti;1.0
partie;2.0
importante;2.0
parler;5.0
recette;1.0
ressource;8.0
extraordinaires;10.0
rainietré;1.0
sfinances;1.0
rapporteur;2.0
vienne;3.0
bref;2.0
délai;2.0
discuter;1.0
dépense;5.0
créditées;1.0
occasion;2.0
erronés;1.0
courent;1.0
grave;1.0
demandera;1.0
mieux;1.0
entendre;1.0
dis-je;1.0
très-prochainement;1.0
lundi;3.0
voulez;3.0
demanderons;1.0
terminer;1.0
finie;1.0
traiterons;1.0
ques;1.0
ioa;1.0
marinf;1.0
clôture;1.0
pourra;2.0
lorsqu;1.0
conviendia;1.0
restera;1.0
nistôre;1.0
gufrre;1.0
déposé;8.0
difcuter;1.0
impression;2.0
distribution;1.0
cré;1.0
ext;1.0
aordinaires;1.0
guerre;5.0
trouve;2.0
autorisation;1.0
créer;2.0
inscrit;10.0
chapitre;1.0
émettre;1.0
emprunt;1.0
devront;1.0
servir;1.0
payer;1.0
lors;1.0
extraornaire;1.0
tur;2.0
ami;3.0
veulent;3.0
absolument;1.0
ees;1.0
prierai;1.0
placer;2.0
prévenu;2.0
quarante-huit;1.0
tiès;2.0
puérilité;1.0
tiès-sérieuses;1.0
prouverons;1.0
espère;2.0
motion;4.0
demandé;3.0
paro;1.0
êtra;1.0
interprète;1.0
demandant;2.0
ordonner;2.0
affichage;1.0
prononcé;1.0
adhésion;2.0
chambr-s;1.0
adopte;2.0
présentée;3.0
dela;1.0
lan;1.0
eoinac;1.0
distribués;2.0
dépots;1.0
maria;1.0
vingt-cinq;1.0
condition;1.0
viens;3.0
indiquer;1.0
tenitoriale;1.0
imprimées;1.0
distribuées;1.0
organisation;2.0
mensuelle;1.0
local;2.0
département;3.0
allier;1.0
mayenne;1.0
durand;1.0
we-et;1.0
vilain;1.0
oai;2.0
préfère;1.0
louis;2.0
provost;1.0
launay;2.0
côtesdu-nord;1.0
attribuée;1.0
discutera;1.0
très-impoi;1.0
tante;1.0
utile;3.0
pavaner;1.0
rang;3.0
demanda;1.0
fixe;2.0
ccmr;1.0
pavillon;1.0
marsan;1.0
savez;3.0
quastion;1.0
rattache;1.0
très-grave;1.0
responsabilité;1.0
définitive;1.0
feulement;1.0
adoption;1.0
mesure;1.0
livrer;1.0
opération;1.0
enquête;1.0
soulever;1.0
instant;2.0
ire;1.0
oppo;1.0
sition;2.0
suite;7.0
précédemment;3.0
maritimss;1.0
tête;2.0
désigner;1.0
amendement;1.0
vingt-quatre;1.0
répit;1.0
inscription;7.0
manière;1.0
prochain;1.0
terprète;1.0
alfred;1.0
demiuder;1.0
divorce;6.0
rapportée;1.0
bines;1.0
illustre;1.0
magistrat;1.0
belleymp;1.0
enceinte;1.0
déclarait;1.0
urgente;3.0
primer;1.0
passer;1.0
votait;1.0
époque;1.0
séparation;2.0
corps;1.0
statistique;1.0
comparative;1.0
belgique;1.0
naissait;1.0
déplorables;1.0
législation;1.0
paraissait;1.0
urgent;1.0
entrée;1.0
ait;1.0
religion;1.0
sincères;1.0
honnêtes;1.0
empiètement;1.0
clérical;2.0
abrogation;6.0
terrain;1.0
perdre;1.0
oublié;1.0
débat;1.0
li-;1.0
berté;2.0
taux;5.0
argent;6.0
immédiate-;1.0
ment;1.0
urgentes;1.0
soulèvent;1.0
priment;1.0
venue;1.0
interposer;1.0
dis-;1.0
cussion;2.0
prennent;1.0
obtiennent;1.0
préférence;1.0
judiciaire;1.0
primaire;1.0
intéressant;1.0
jozon;1.0
conclusion;1.0
favorables;1.0
démontré;1.0
urgence;1.0
déjl;1.0
syndicales;1.0
notaire;2.0
significative;1.0
prétendait;1.0
précisément;1.0
quo;1.0
opposé;1.0
prendra;1.0
aborder;1.0
possible;3.0
préeident;1.0
far;1.0
agent;5.0
commissionnés;2.0
très-ancienne;1.0
soulevée;1.0
dissolution;1.0
signé;1.0
analogue;1.0
nadaud;1.0
votée;1.0
caneo;1.0
rappeler;1.0
saisie;1.0
léluction;1.0
active;2.0
notamment;1.0
laisant;4.0
initiative;1.0
signée;1.0
séparer;1.0
statuât;1.0
prevost;1.0
côtesdu;1.0
nord;1.0
inoniations;1.0
côtes-dunord;1.0
ballu;1.0
messinurs;1.0
urdie;1.0
ordonnance;1.0
décret;1.0
affectant;1.0
congrégation;2.0
religieux;3.0
immeuble;3.0
appirienanti;1.0
imp;1.0
considération;6.0
demanderait;1.0
laroche-joubert;7.0
cham;1.0
bre;1.0
voté;2.0
déji;1.0
amélioration;2.0
réjoui;1.0
ausi;1.0
propode;1.0
lül;1.0
illoin;1.0
intéressantes;1.0
rrça;1.0
solmion;1.0
rnoms;1.0
fon;1.0
vc-isx;1.0
defe;1.0
soûiirea;1.0
mtltuiff;1.0
par-que;1.0
occupés;2.0
petit;2.0
occupions;1.0
supplément;4.0
marin;3.0
visent;1.0
répète;2.0
fond;2.0
viennent;1.0
tôt;2.0
discusson;1.0
empressement;1.0
améliorer;1.0
occuper;1.0
défenseur;1.0
patrie;1.0
trèî-bi;1.0
saintmartin;1.0
saint-martin;2.0
vaucluse;1.0
inscrire;2.0
bnreau;1.0
décembre;1.0
uno;1.0
aumônerie;1.0
naturel;1.0
logique;1.0
hésiterez;1.0
réclamation;1.0
permettez;1.0
dessin;1.0
allez;1.0
inscrip;1.0
tion;2.0
inondation;1.0
côtes-du-nord;1.0
ordonne;3.0
lordre;1.0
inclusivement;1.0
prends;2.0
chronologique;2.0
est-à;1.0
produites;1.0
priorité;4.0
rétablissement;2.0
di-;1.0
vorce;2.0
viendra;2.0
trouvons;1.0
rétabli-friment;1.0
biltue;1.0
indûment;2.0
congi;1.0
iotti;1.0
augmentation;1.0
marias;1.0
truelie;1.0
viendrait;2.0
laroche;2.0
joubert;2.0
loii;1.0
royer;3.0
avion;1.0
labuze;8.0
obligatoire;1.0
probablement;1.0
absent;1.0
réclamer;1.0
choisir;1.0
qaani;1.0
aurez;1.0
refusé;1.0
passerons;1.0
seconde;1.0
dois;3.0
connaître;1.0
puissiez;1.0
cause;1.0
billue;1.0
appartenant;1.0
détenu;1.0
sup;1.0
plément;1.0
permettre;1.0
venez;1.0
gaucho;1.0
décidé;2.0
contreprojet;1.0
important;1.0
volontariat;1.0
genre;1.0
avantage;1.0
connexes;1.0
ministériel;1.0
eavoir;1.0
restée;1.0
suspens;1.0
cru;1.0
comprendre;1.0
chomins;1.0
tromper;1.0
imcrip;1.0
labuz;1.0
ctnmbre;1.0
immé;1.0
atf;1.0
che;1.0
minute;2.0
rnie;1.0
décide;3.0
era;1.0
oidre;1.0
ulla;1.0
rité;1.0
libuze;1.0
fera;1.0
fixée;1.0
position;1.0
placée;1.0
eur;1.0
exclamation;1.0
épreuve;1.0
déclarée;1.0
douteur;1.0
asti;1.0
levé;2.0
mite;1.0
silence;1.0
intéresse;1.0
què;1.0
ouil;1.0
appuyé;1.0
pâtissier;1.0
utililé;1.0
vitation;1.0
hâter;1.0
pose;1.0
rionner;1.0
bsine-infé;1.0
rieure;1.0
observer;1.0
iemp;1.0
loin;1.0
tté;1.0
casimir;1.0
perier;1.0
ssine;1.0
inférieur;1.0
retard;1.0
dens;1.0
long;1.0
temps;1.0
exige;1.0
correction;1.0
tableau;1.0
sçit;1.0
nances;1.0
comptons;1.0
préa;1.0
able;1.0
pardon;2.0
déposas;1.0
fupplémfnt;1.0
ponr;1.0
casimirperier;1.0
maire;1.0
opp;1.0
suffisante;1.0
quantité;1.0
gunéo;1.0
-nano;1.0
rappelle;1.0
lai;1.0
saut;1.0
réduction;1.0
uaj;1.0
annéj;1.0
mê-nf;1.0
ctiambre;1.0
inscriptioo;1.0
oub;1.0
iais;1.0
magaet;1.0
ésrit;1.0
jonr;1.0
conseil;1.0
canton;1.0
personnalité;1.0
établissement;1.0
cantonale;1.0
consulta;1.0
demandef;1.0
proposé;1.0
suspendre;1.0
aprè;1.0
clhion;1.0
liqu;1.0
dtiioa;1.0
budgat;1.0
tenfjens;1.0
interpellation;4.0
déposa;1.0
dc-;1.0
nande;1.0
fuontj;1.0
interpeller;1.0
dea;1.0
resjources;1.0
corup;1.0
employer;1.0
dépars;1.0
dépo;1.0
reau;1.0
sra;1.0
maure;1.0
fiire;1.0
désire;1.0
oui;1.0
telquzs;1.0
sale;1.0
déc;1.0
demain-;1.0
dmain;1.0
heur;1.0
banaux;1.0
qim;1.0
réglé;1.0
efp;1.0
lation;1.0
hle;1.0
llj;1.0
ch-rd;1.0
servie;1.0
iér;1.0
qtl;1.0
uhambi;1.0
pulôt;1.0
eure;1.0
lagache;1.0
philippoteaox;1.0
put;1.0
ardennr;1.0
pétition;3.0
-le;1.0
employé;2.0
rik-;1.0
tions;1.0
indirectes;3.0
s-direction;1.0
maillé;1.0
angers;2.0
maine;1.0
loire;1.0
contribution;2.0
jlrectllil;1.0
chavoix;1.0
dor-logne;1.0
posé;1.0
omb;1.0
babi;1.0
taats;1.0
déplrtemei;1.0
gers;1.0
bjau;1.0
sire;1.0
bienvenu;1.0
vendée;1.0
pétiiion;1.0
ell;1.0
oyés;1.0
fùntenay;1.0
