;1916-04-13
chambre;94.0
député;44.0
léjislatore;1.0
session;4.0
ordinaire;5.0
compte;15.0
rendu;6.0
extenso;3.0
séance;40.0
jeudi;7.0
avril;55.0
sommaire;1.0
procès-verbal;6.0
excuse;13.0
netraitde;1.0
ordre;28.0
jour;36.0
proposition;72.0
loi;216.0
adopté;26.0
modification;9.0
sénat;6.0
objet;24.0
répression;3.0
crime;2.0
délit;3.0
commis;3.0
aide;7.0
arme;6.0
vagabondage;2.0
spécial;5.0
adoption;10.0
article;241.0
ensemble;13.0
projet;78.0
tendant;21.0
réserver;3.0
condition;27.0
spéciale;12.0
emploi;18.0
militaire;35.0
marin;5.0
réformé;6.0
suite;29.0
blessure;4.0
inllrmitôs;1.0
contractées;4.0
service;17.0
guerre;101.0
actuelle;8.0
discussion;56.0
eugène;7.0
laurent;10.0
nièvre;3.0
collègue;49.0
élargir;2.0
juin;4.0
relative;7.0
envoi;5.0
gratuit;4.0
colis;2.0
amiard;4.0
louis;34.0
deshaves;1.0
camille;5.0
picard;5.0
accorder;9.0
famille;24.0
bénéficiaire;4.0
allocation;18.0
prévue;4.0
août;9.0
comptant;4.0
enfant;14.0
vivant;4.0
gratuité;6.0
poste;3.0
membre;19.0
mobilisé;9.0
mari;3.0
père;5.0
frère;4.0
paquet;7.0
recommandé;3.0
poids;4.0
excéder;5.0
kilogramme;2.0
avis;30.0
favorable;2.0
commission;180.0
budget;52.0
titre;17.0
extension;4.0
postaux;3.0
unique;8.0
résiliation;4.0
bau;9.0
loyer;145.0
échus;16.0
relatif;8.0
mo-;3.0
difications;1.0
apportées;8.0
amendement;35.0
juleslouis;1.0
breton;11.0
grand;38.0
nombre;30.0
jean;23.0
cruppi;5.0
président;83.0
législation;17.0
civil;19.0
criminelle;2.0
sous-amendement;4.0
arthur;32.0
rozier;26.0
jules-louis;5.0
mauger;9.0
edouard;7.0
ignace;11.0
rapporteur;27.0
scrutin;12.0
reprise;2.0
observation;13.0
levasseur;11.0
rené;5.0
viviani;5.0
garde;42.0
sceau;38.0
ministre;75.0
justice;15.0
bis;9.0
paul;26.0
aubriot;4.0
réservé;7.0
poirier;14.0
narçay;14.0
mayé;1.0
jugy;5.0
groussier;9.0
frédéric;6.0
brunet;6.0
pierre;44.0
laval;38.0
ernest;28.0
lamy;16.0
beauregard;26.0
aristide;7.0
jobert;6.0
abel;31.0
uech;1.0
raoul;6.0
briquet;5.0
lafont;15.0
renvoi;18.0
lendemain;3.0
brizon;6.0
lalont;1.0
puech;8.0
fixation;3.0
date;4.0
remplacement;11.0
communication;3.0
lettre;7.0
règlement;34.0
dépôt;16.0
albert;18.0
grodet;4.0
rapport;16.0
nom;19.0
demande;63.0
immédiate;8.0
fond;17.0
ceccaldi;10.0
couesnon;9.0
faire;69.0
supporter;9.0
etat;68.0
durée;25.0
annuité;12.0
emprunt;15.0
département;132.0
commune;50.0
intérêt;41.0
moratoire;15.0
dette;6.0
prat;4.0
enseignement;5.0
beaux-arts;2.0
portant;8.0
prorogation;3.0
pouvoir;18.0
conseil;22.0
supérieur;10.0
instruction;6.0
publique;10.0
malavialle;4.0
sup-;1.0
plémentaire;1.0
andré;15.0
ilonnorat;3.0
avancer;5.0
légale;7.0
présenté;11.0
deyris;6.0
instituer;6.0
diplôme;4.0
remettre;4.0
officier;11.0
sous-officier;2.0
soldat;10.0
armée;25.0
terre;8.0
mer;7.0
mort;4.0
patrie;5.0
hostilité;24.0
bouffandeau;4.0
présidence;33.0
monestier;2.0
vice-président;1.0
ouverte;2.0
cherpy;2.0
secrétaire;3.0
donne;9.0
lecture;5.0
hier;19.0
henry;8.0
paté;4.0
assister;7.0
dior;2.0
demain;20.0
saumande;2.0
retrait;4.0
propositiox;1.0
appellerait;1.0
affaire;6.0
inscrit;11.0
réserve;30.0
ait;21.0
débat;36.0
exécution;8.0
gouvernement;59.0
ordonné;3.0
modifié;3.0
attribution;1.0
appelle;7.0
plois;1.0
infirmité;3.0
générale;18.0
consulte;2.0
question;89.0
savoir;8.0
entend;4.0
passer;3.0
consultées;1.0
décide;2.0
passe;3.0
art;12.0
retraité;3.0
résultant;2.0
maladie;2.0
ennemi;10.0
cour;5.0
bénéficieront;2.0
partir;2.0
publication;1.0
administration;9.0
prévu;4.0
présente;12.0
délai;5.0
an;11.0
dater;2.0
cessation;9.0
droit;48.0
préférence;5.0
obtention;3.0
réservés;4.0
tableau;5.0
annexés;2.0
mar;15.0
nécessitent;1.0
intégrité;1.0
physique;2.0
soient;7.0
ailleurs;9.0
grade;4.0
exercera;2.0
faveur;18.0
ci-dessus;3.0
désignés;4.0
pourront;9.0
admis;7.0
bénéfice;12.0
auraient;5.0
décret;12.0
mobilisation;4.0
dépassé;2.0
limite;5.0
âge;3.0
fixée;6.0
défaut;2.0
remplissant;1.0
indiquées;2.0
attribués;3.0
conformément;22.0
mets;8.0
voix;19.0
mis;12.0
naux;1.0
administratio;1.0
intervenir;5.0
déterminera;1.0
mesure;25.0
nécessaire;16.0
application;11.0
énumérera;1.0
notamment;6.0
catégorie;5.0
permettant;2.0
concourir;1.0
définies;1.0
indicruera;1.0
également;6.0
mode;2.0
certificat;1.0
aptitude;2.0
professionnel;2.0
candidat;4.0
liste-;1.0
établie;3.0
instituée;1.0
visée;4.0
entreprise;3.0
dustrielles;1.0
commerciale;3.0
jouissant;1.0
concession;2.0
monopole;2.0
subvention;9.0
devront;3.0
établir;4.0
liste;7.0
indi;1.0
quer;1.0
accès;1.0
nou;2.0
susceptibles;3.0
visé;6.0
comprendre;8.0
cettf;1.0
liite;1.0
proportion;4.0
auxdüf;1.0
transmise;1.0
promulgation;1.0
arrêtée;2.0
contresigné;4.0
intéressé;3.0
industriel;4.0
pourra;15.0
avenir;6.0
obtenir;10.0
déterminer;1.0
cahier;2.0
charge;49.0
situation;30.0
prévues;1.0
occupaient;2.0
énumérés;1.0
permet;8.0
réintégrés;2.0
pourvus;2.0
déjà;17.0
classement;1.0
réuniraient;1.0
déterminées;1.0
paragraphe;8.0
jouiront;2.0
auxdits;1.0
immédiatement;3.0
classés;3.0
conserveront;2.0
acquis;1.0
reconnu;4.0
suspendues;1.0
disposition;23.0
antérieures;1.0
contraire;13.0
deshayes;1.0
fil;2.0
donné;11.0
déposé;6.0
opposition;16.0
vote;28.0
raison;16.0
urgence;3.0
introduite;1.0
honorable;14.0
connaître;5.0
retire;1.0
oppo-;1.0
sition;1.0
réservant;3.0
reprendre;6.0
ultérieurement;2.0
déposée;1.0
remercie;2.0
consultée;1.0
passera;2.0
suit;6.0
petitfils;1.0
kilo-;1.0
recevoir;4.0
seul;5.0
mettre;19.0
dois;6.0
propose;6.0
modifier;2.0
demeure;2.0
rédigé;3.0
accambray;2.0
lin;3.0
délibération;3.0
maugeret;1.0
destiné;1.0
porte;6.0
signature;1.0
landry;2.0
honnorat;5.0
méquillet;2.0
desplas;2.0
doizy;3.0
groussau;1.0
connevot;4.0
cafrort;1.0
lemire;2.0
lefebvre;4.0
prey;2.0
pas-de-calais;2.0
césar;1.0
trouin;2.0
maurice-binder;2.0
delom-sorbé;1.0
porteu;2.0
ferdinand;5.0
morin;3.0
indre-et-loire;2.0
marquis;12.0
kernier;2.0
fernand;7.0
merlin;2.0
thiéry;2.0
meuse;1.0
deschamps;1.0
claussat;2.0
bélinguier;1.0
houbé;1.0
emile-broussais;1.0
alger;2.0
kerguézec;2.0
claude;4.0
cochin;3.0
nord;10.0
ybariiégaray;1.0
eynac;2.0
espivent;1.0
villesboisnet;2.0
poncet;4.0
seine;70.0
lenoir;2.0
renard;2.0
escudier;2.0
charles;10.0
bernard;15.0
robert;3.0
surcouf;2.0
fougère;2.0
antoine;3.0
fabre;2.0
hauet;1.0
defos;2.0
allier;3.0
candace;2.0
emile;7.0
constant;2.0
gironde;3.0
pugliesi-conti;2.0
pomereu;2.0
auguste;6.0
bouge;2.0
lacave;2.0
plagne;2.0
pasqual;3.0
petitjean;2.0
queuille;2.0
ber-;1.0
prendre;18.0
place;8.0
chiffre;40.0
prévus;2.0
précédent;3.0
majorés;5.0
âgée;1.0
pari;65.0
saint-cloud;10.0
sèvres;10.0
meudon;9.0
seine-et-oise;8.0
comniife;1.0
nés;1.0
habitant;16.0
au-dessus;5.0
con;2.0
ditions;1.0
com;3.0
munes;2.0
commis-j;1.0
sion;2.0
accepte;2.0
paroi;1.0
oppose;3.0
veux;11.0
constater;1.0
étrange;1.0
oubli;1.0
part;26.0
texte;56.0
soumis;7.0
diseu;1.0
remarquer;7.0
accorde;9.0
dégrèvement;3.0
locataire;87.0
dai;1.0
convention;19.0
crédit;31.0
foncier;22.0
proposée;3.0
dit;33.0
supportée;3.0
prêt;2.0
propriétaire;208.0
revenu;30.0
net;2.0
impo-;1.0
sable;1.0
excède;4.0
lieu;15.0
juillet;10.0
créé;2.0
impôt;15.0
chef;8.0
déduit;1.0
somme;42.0
Monsieur;41.0
constate;3.0
agit;29.0
représentent;2.0
franc;13.0
applaudissement;48.0
banc;68.0
parti;50.0
socialiste;49.0
pouvons;8.0
discuter;8.0
moment;18.0
convenue;1.0
france;16.0
finance;29.0
approuvée;1.0
unanimité;6.0
base;6.0
amplement;2.0
justifiées;2.0
yeux;4.0
lorsqu;14.0
primitif;3.0
avion;14.0
fixé;7.0
augmentation;2.0
donnant;1.0
avantage;10.0
aurions;6.0
préféré;3.0
infiniment;1.0
garder;6.0
geon;1.0
pierre-etienne;2.0
flandin;2.0
yonne;3.0
outrey;2.0
baudon;2.0
girard-madoux;1.0
savoie;4.0
demoulin;7.0
gilbert;2.0
thierry-cazes;2.0
marrou;2.0
nibelle;2.0
combrouze;2.0
dominique;2.0
pugliesiconti;1.0
corse;1.0
nouhaud;2.0
louppe;2.0
finish;1.0
tère;1.0
barthe;2.0
sibuet;2.0
jovelet;1.0
celos;2.0
françois-fournier;1.0
ilenri;1.0
cosnier;2.0
fringant;1.0
favre;2.0
charenteinférieure;1.0
lajarnge;1.0
derognat;2.0
georges;11.0
ancel;2.0
adolphe;3.0
défossé;3.0
henri;6.0
lai;1.0
duboys-fresney;1.0
mayenne;2.0
charpentier;2.0
champetier;2.0
lalfont;1.0
ballandc;1.0
girard;2.0
bouches-du-rhône;2.0
hajon;1.0
félix;1.0
gaborit;2.0
lucien;6.0
dumont;3.0
indre;2.0
gottst;1.0
seina-;1.0
et-oise;1.0
lorimy;2.0
reynouard;2.0
daniel;3.0
folleville;2.0
bail-maignan;2.0
seineftj;1.0
guicnenné;1.0
laguerre;2.0
talon;2.0
vidalin;3.0
jeall;1.0
peyret;2.0
alexandrai;1.0
durandy;2.0
alpes-maritimes;2.0
jules;9.0
daflh;1.0
sette;1.0
boussenot;2.0
faure;2.0
gasp;1.0
rin;2.0
léon;4.0
nerel;1.0
pyrénées-orientales;2.0
transaction;11.0
tombés;2.0
accord;30.0
proposé;8.0
crois;14.0
accepter;3.0
voilin;3.0
lnous;1.0
reprenons;2.0
toutefois;2.0
repris;2.0
saurais;1.0
autrement;3.0
voter;12.0
concerne;16.0
inséréè;1.0
rdont;1.0
parle;7.0
puis;11.0
féliciter;1.0
pensé;4.0
approuve;1.0
entièrement;1.0
manger;1.0
venue;2.0
unanime;3.0
acceptée;1.0
avons;45.0
présentée;1.0
est-à-dire;10.0
ville;26.0
jamais;9.0
accepté;6.0
maugor;1.0
pardon;1.0
mission;2.0
pareille;7.0
circonstance;8.0
loyauté;2.0
insistent;1.0
rétabli;1.0
protestation;3.0
lafferre;2.0
coûtent;1.0
province;17.0
bouisson;2.0
faut;26.0
maintenir;4.0
partout;3.0
niera;1.0
montre;3.0
souci;4.0
défendre;7.0
mau;1.0
ger;3.0
monde;9.0
repousse;1.0
faudrait;1.0
eût;1.0
confusion;8.0
demoulm;1.0
demandons;14.0
uniforme;2.0
contenait;2.0
gradation;1.0
allant;3.0
arrivé;2.0
dqù;1.0
voulez;7.0
trouve;10.0
absolument;2.0
régulier;1.0
gros;7.0
effort;9.0
étendre;2.0
montrer;2.0
désir;3.0
marquer;1.0
-en;1.0
oit;2.0
tenu;7.0
relè-;1.0
vement;1.0
proposés;1.0
dissiper;1.0
équivoque;5.0
pourrait;8.0
naître;1.0
prononcées;2.0
disait;9.0
oublie;2.0
discutons;3.0
présomption;5.0
détresse;7.0
attaché;1.0
lors;4.0
serait-il;2.0
possible;16.0
envisager;4.0
majoration;5.0
petit;59.0
maximum;4.0
ajouter;7.0
honorables;5.0
large;3.0
semblait;2.0
justement;1.0
pensée;10.0
identité;1.0
proposiez;2.0
sorte;8.0
exonération;7.0
remboursement;7.0
avez;31.0
choisi;2.0
indiquent;1.0
suffisamment;1.0
voulu;12.0
prévoir;9.0
cas;21.0
entendu;9.0
concomitante;1.0
individualité;1.0
occupons;1.0
détresue;1.0
principe;14.0
inspiré;1.0
uncas;1.0
maintien;6.0
prévoyez;2.0
inférieur;9.0
majorerez;1.0
devriez;1.0
respecte;1.0
mieux;9.0
présentent;2.0
substituer;4.0
signée;1.0
mayéras;17.0
mistral;2.0
bouveri;2.0
sabin;2.0
buisset;2.0
bracke;2.0
ouvert;3.0
recueillis;1.0
dépouillement;2.0
résultat;4.0
votant;3.0
majorité;7.0
absolue;4.0
adçptioil;1.0
engerand;3.0
fin;14.0
établi;6.0
taux;10.0
rappelez;2.0
demandé;4.0
justesse;1.0
des-sceaux;1.0
oui;2.0
viendra;3.0
serait;38.0
libellé;2.0
âgées;1.0
habi;1.0
tants;2.0
arrivons;2.0
-dans;1.0
dernier;15.0
accordé;11.0
logement;13.0
montant;8.0
impayé;6.0
ouverture;4.0
échoir;4.0
suivront;8.0
double;3.0
renonçant;2.0
administrer;3.0
preuve;6.0
abstenant;1.0
action;3.0
donneront;1.0
quittance;1.0
définitive;2.0
surplu;1.0
engageront;1.0
jousssance;1.0
moitié;4.0
dépense;23.0
résulteront;2.0
los;1.0
obligatoirement;2.0
supporteront;1.0
concours;4.0
recevront;2.0
faculté;8.0
coa-;1.0
payement;19.0
contribu-;1.0
tion;4.0
eta;1.0
saisi;2.0
mal;2.0
tend;3.0
remplacer;2.0
reconnus;1.0
payer;25.0
totalité;15.0
partie;16.0
versés;2.0
caisse;13.0
répartition;8.0
faite;16.0
prorata;1.0
manque;3.0
défendrai;1.0
intention;6.0
combattre;1.0
viendrait;1.0
satisfaction;9.0
critiquer;3.0
permettez-moi;4.0
étonner;2.0
figure;2.0
savon;1.0
portée;5.0
renseignement;3.0
contradictoires;1.0
précisément;5.0
examine;1.0
étonné;2.0
injuslice;1.0
préside;2.0
rédaction;5.0
faites-vous;1.0
touché;10.0
dites;7.0
donnerons;1.0
manquerait;1.0
rire;2.0
inégalité;1.0
traitement;5.0
donnerez;1.0
toucheront;3.0
vertu;16.0
portera;1.0
indemnité;39.0
prends;4.0
incontestables;1.0
majeure;2.0
-partie;1.0
profiteront;1.0
presque;5.0
remarquez;3.0
société;3.0
immobilière;4.0
souvent;10.0
appartement;2.0
au-dessous;5.0
prix;8.0
élevé;5.0
touchent;1.0
donnera;2.0
permis;6.0
distinction;7.0
adjoigne;1.0
intéressantes;1.0
renaudel;3.0
royale;1.0
rit;1.0
bonnefous;2.0
comprises;2.0
quesr;1.0
pose;7.0
moratorium;3.0
exposer;3.0
comité;4.0
subtile;1.0
paye;7.0
adresser;5.0
contribuable;4.0
difficile;7.0
emprunter;6.0
vue;16.0
paix;16.0
sociale;29.0
présent;2.0
ressource;24.0
centime;10.0
préfet;7.0
formulé;2.0
succintement;1.0
rapporter;3.0
donnez-en;1.0
complète;5.0
importance;7.0
capitale;1.0
propos;1.0
atteindra;2.0
million;14.0
signaler;2.0
sacrifice;6.0
financier;5.0
allez;4.0
consentir;3.0
atteignent;1.0
extrême;3.0
départementale;4.0
réfère;1.0
présentées;1.0
novembre;2.0
faisait;4.0
énumération;2.0
engagé;7.0
tenon;2.0
conserver;4.0
puissions;2.0
viens;11.0
parler;9.0
secours;9.0
chômage;6.0
stock;1.0
charbon;2.0
contribution;14.0
bureau;7.0
bienfaisance;3.0
complément;3.0
total;3.0
rond;1.0
couvrirons-nous;1.0
uniquement;3.0
départementaux;9.0
savez;2.0
monte;1.0
étonnais;1.0
facile;8.0
rédiger;2.0
indiquer;3.0
considérable;3.0
prétendez;1.0
imposer;7.0
ferez;4.0
face;11.0
chirge;1.0
déduire;1.0
approximatifs;1.0
basant;1.0
moyenne;1.0
arrive;3.0
minimum;3.0
pourvu;1.0
prolonge;1.0
année;2.0
imposée;3.0
voté;22.0
temps;19.0
durera;1.0
peut-être;16.0
prévoit-on;1.0
prolongation;3.0
saurons;1.0
répète;1.0
considération;9.0
général;24.0
émis;5.0
met;1.0
locaux;1.0
fondï;1.0
considérant;2.0
participé;1.0
établissement;3.0
aucunement;1.0
responsable;1.0
créée;2.0
mainrtien;1.0
prolongé;1.0
estimant;1.0
soin;2.0
régler;7.0
échéant;1.0
résulter;1.0
incom;1.0
ber;1.0
exclusivement;2.0
invite;1.0
lmreau;1.0
auprès;4.0
public;19.0
dé-;2.0
putés;1.0
démarche;1.0
pressantes;3.0
concernantune;1.0
allouer;1.0
mise;2.0
obéré;1.0
saurait;6.0
supplémentaire;4.0
suburbaineset;1.0
leu;1.0
largement;2.0
uvre;3.0
défense;9.0
nationale;7.0
qut;1.0
nécessité;7.0
iré;1.0
cessités;1.0
entendons;1.0
plaidoyer;1.0
représentant;9.0
prenaitjla;1.0
arrondissement;1.0
aurait;15.0
critique;11.0
défendrait;1.0
iiitérête;1.0
commettant;1.0
-simple;1.0
constatation;1.0
qne;2.0
passage;3.0
interruption;5.0
ception;3.0
profit;7.0
seiiuj;1.0
traité;1.0
laisser;6.0
protester;2.0
jadis;1.0
revendication;1.0
honoraient;1.0
radical;1.0
suppression;6.0
bruit;3.0
duclaux-monteil;3.0
quj;1.0
déborde;1.0
sourire;1.0
exception;5.0
exposet;1.0
frappe;3.0
injustement;1.0
dépatt;1.0
tement;1.0
commun;3.0
moque;1.0
loïsqiû;1.0
parlons;1.0
région;18.0
constata;1.0
parlez;2.0
autant;5.0
plaît;3.0
qitu;1.0
chose;14.0
joi;1.0
tâche;1.0
prée;1.0
pied;2.0
éjjp;1.0
lité;1.0
bieiîlj;1.0
comprends;3.0
réclamons;1.0
fasse;2.0
refuse;2.0
examiner;4.0
proteste;5.0
vexatoiro;1.0
inscription;12.0
chiffrer;1.0
rétablis;1.0
égalité;1.0
rançon;14.0
demandant;32.0
appliqué;1.0
imputation;1.0
système;26.0
exposé;3.0
expliquerai;1.0
moratoria;1.0
exercé;2.0
réquisition;7.0
légiférer;2.0
présenter;5.0
intervenu;1.0
sens;6.0
appuie;1.0
thèse;8.0
expose;1.0
point;32.0
participation;5.0
subordonné;1.0
égal;7.0
placé;3.0
assurer;6.0
utile;2.0
crifices;1.0
consentis;1.0
collectivité;2.0
peuventils;1.0
restreindre;1.0
enregistrer;1.0
intervention;8.0
borne;1.0
note;1.0
cause;5.0
vrai;3.0
décharger;1.0
considérables;3.0
appel;7.0
couvrir;1.0
payées;1.0
avance;9.0
demander;17.0
dépensé;1.0
distribution;2.0
nouvelle;9.0
vont-ils;1.0
trouver;7.0
indiquez-vous;1.0
donnez-vous;1.0
autorisez-vous;1.0
immédiat;2.0
gagé;1.0
additionnels;3.0
est-ce;7.0
aurez;6.0
nouvel;1.0
faudra-t-il;2.0
recourir;2.0
intéresse;2.0
solution;12.0
financière;7.0
trouvée;1.0
caractère;3.0
imprimerie;1.0
débrouillera;1.0
théorie;2.0
admirable;1.0
immédiaie;1.0
sais;3.0
votée;4.0
longue;4.0
élever;3.0
écouleront;1.0
tour;4.0
statué;2.0
taxation;1.0
denrée;1.0
exemple;12.0
lenteur;1.0
chercher;4.0
aurais;2.0
préparée;1.0
formulée;1.0
forme;7.0
effrayé;1.0
incomberont;2.0
alléger;2.0
fournir;3.0
èxiste;1.0
satisfaisante;1.0
conteste;1.0
propriété;16.0
fixer;6.0
tiers;3.0
raisonnable;4.0
intégralité;2.0
encaissé;1.0
variable;2.0
moindre;2.0
pouvez-vous;3.0
importante;5.0
susceptible;2.0
obligé;20.0
paver;1.0
élève;2.0
prétention;3.0
mou;1.0
vient;7.0
partisan;1.0
verser;7.0
consignation;1.0
seraient;13.0
déclarer;3.0
touchés;1.0
verseraient;1.0
réduiraient;1.0
demandez;4.0
officieusement;1.0
argumentation;5.0
brève;3.0
désirais;1.0
intégrale;1.0
donner;19.0
encaisser;2.0
idée;13.0
constituée;1.0
préconisées;1.0
heureux;6.0
louent;1.0
immeuble;14.0
pouvant;1.0
voulais;2.0
développer;2.0
complètement;8.0
ami;13.0
repousser;2.0
purement;1.0
simplement;11.0
surprise;1.0
assisté;8.0
sous-commission;1.0
obligation;10.0
semblaient;1.0
devoir;7.0
suffirait;1.0
rappeler;4.0
accueil;2.0
aimable;1.0
réservait;1.0
février;6.0
tribune;17.0
soutenu;2.0
financièrement;2.0
répondant;3.0
préoccupation;7.0
légitime;4.0
apporte;4.0
contenu;1.0
aurons;4.0
venu;3.0
modalité;1.0
ajoute;4.0
principne;1.0
accepterez;1.0
constitue;3.0
démonstration;1.0
aufai;1.0
pro;2.0
prlétaires;1.0
evidemment;1.0
cachep-as;1.0
rejet;4.0
assemblée;14.0
déposés;2.0
mettent;1.0
aise;1.0
pouvez;4.0
pouvait;4.0
objecter;1.0
bienveillance;3.0
générosité;2.0
égard;6.0
pauvre;5.0
pouviez;1.0
soutenir;4.0
exonérant;2.0
famine;1.0
vivre;2.0
bénéficier;9.0
out;1.0
solliciter;1.0
subside;1.0
indispensables;4.0
doute;12.0
pourriez;2.0
corrollaire;1.0
impose;5.0
équitable;8.0
terrain;5.0
équité;6.0
use;1.0
souscrirais;1.0
nement;1.0
apparence;1.0
soumettre;2.0
attention;6.0
prend;3.0
dis;8.0
colère;2.0
passion;4.0
rompre;2.0
union;13.0
sacrée;14.0
instituant;1.0
pleine;5.0
classe;13.0
privi-;1.0
légiés;1.0
possédant;1.0
applau-;2.0
dissemcnts;1.0
siir;1.0
indique;5.0
expresse;1.0
excèdent;3.0
varie;2.0
habi-i;1.0
centre;5.0
exonérés;5.0
déli-;1.0
cieuse;1.0
est-à-i;1.0
donnez;1.0
retirez;1.0
afnrmadt;1.0
cesse;3.0
discours;5.0
éviter;3.0
réduire;2.0
possi-;1.0
ble;1.0
litige;4.0
procès;9.0
consacrez;1.0
immensité;1.0
ajoutez;1.0
raisonnement;5.0
délicieux;1.0
organisé;1.0
prime;1.0
affirmez;1.0
consentent;1.0
poursuivre;6.0
prétendre;7.0
perçus;4.0
instituez;3.0
vince;1.0
spiitenu;1.0
problème;12.0
lyon;3.0
marseille;1.0
bordeaux;1.0
acuité;2.0
institué;4.0
régime;7.0
impératif;1.0
soucier;1.0
élu;2.0
apcord;1.0
ayee;1.0
préalable;3.0
élémentaire;2.0
probité;2.0
simple;5.0
consulté;1.0
denier;1.0
essayez;1.0
forcer;1.0
main;7.0
réunion;6.0
pense;2.0
voudra;2.0
dresser;1.0
exprimé;1.0
opinion;8.0
politique;4.0
répond;4.0
exigence;2.0
agglomération;4.0
permettre;3.0
satisfaire;2.0
démontrer;3.0
pur;2.0
illusion;2.0
payant;4.0
ooo;1.0
cesloyers;1.0
davantage;4.0
global;3.0
dépasse;5.0
écarté;1.0
côté;10.0
représente;3.0
rembourser;3.0
capital;5.0
emprunté;2.0
croyez-vous;2.0
défendait;1.0
chaleur;1.0
pensons;1.0
laisseront;1.0
entraîner;1.0
dangereuse;5.0
irie;1.0
voterez;2.0
assure;2.0
effective;1.0
rejetterez;1.0
consacre;2.0
injustice;3.0
payée;2.0
posé;2.0
solidarité;4.0
domaine;1.0
devrez;3.0
ensuite;7.0
réaliser;3.0
servent;1.0
argument;6.0
disent-ils;2.0
imposons;2.0
défaillants;1.0
iommes;1.0
ciale;1.0
tenir;5.0
réfléchissez;1.0
soutient;2.0
joue;1.0
maintenus;5.0
aller;7.0
bout;5.0
reconnaître;7.0
jouer;1.0
privé;5.0
efforcé;1.0
matière;7.0
rechercher;2.0
juridique;4.0
langage;6.0
trouvé;2.0
accordons;1.0
conséquence;10.0
accordions;1.0
permettez;2.0
décrété;2.0
travers;1.0
pays;11.0
dureraient;1.0
commerçant;4.0
soutenez;1.0
soutenez-la;1.0
logique;4.0
reconnaissez;1.0
serviez;1.0
pourriez-vous;2.0
retourner;3.0
payent;8.0
forfaitaire;1.0
décision;3.0
rendront;1.0
arbitrales;5.0
accordez;2.0
comprendront;3.0
aimerais;3.0
résolument;2.0
agissant;5.0
aigu;2.0
ayez;3.0
attitude;3.0
brutal;2.0
prenant;2.0
disiez;1.0
que-;1.0
protège;1.0
imposent;1.0
urs;1.0
conscience;3.0
agissez;1.0
surpris;4.0
appartenant;4.0
spectacle;1.0
qualifier;1.0
désordonné;1.0
drelon;3.0
rapporte;1.0
carte;1.0
devaient;2.0
considérés;3.0
bénéficiant;1.0
insolvabilité;1.0
dis-je;3.0
combattu;3.0
aviez;3.0
soutenue;3.0
souvenir;3.0
perdu;8.0
déposait;1.0
ees;1.0
sait;9.0
traduis;1.0
vérité;8.0
tenté;4.0
mixte;2.0
apportait;2.0
risquait;2.0
détruit;2.0
harmonie;1.0
faussée;1.0
conjure;1.0
souviens;2.0
déclaration;10.0
ministériels;1.0
finie;3.0
instituerait;1.0
bienveillante;1.0
humaine;1.0
lauche;4.0
antidémocratique;1.0
étroite;3.0
nature;6.0
sauvegarder;1.0
réclamez;1.0
adresse;3.0
apaisée;1.0
abandonner;1.0
parcelle;1.0
souveraineté;1.0
terrible;3.0
milieu;1.0
représentons;1.0
regard;2.0
clair;2.0
responsabilité;5.0
acte;5.0
pourrez-vous;1.0
votiez;2.0
expliquer;3.0
paysan;6.0
payeront;3.0
iront;1.0
grossir;1.0
trésor;4.0
insatiables;1.0
justifieront;1.0
assuré;3.0
sollicitude;3.0
allée;1.0
spéculateur;1.0
bâtiment;1.0
dresseront;1.0
parlait;1.0
posez;1.0
terme;9.0
défiez-vous;1.0
ouvrier;9.0
tourneront;3.0
demanderont;2.0
dédommagement;1.0
salaire;1.0
étioler;1.0
misère;1.0
vingt-cinq;2.0
direz-vous;2.0
répondrez-vous;1.0
subi;2.0
moins-values;2.0
disant;3.0
privilège;5.0
voulons;3.0
de-;1.0
mander;1.0
protection;1.0
perdues;1.0
républicain;3.0
détenteur;2.0
mobilières;1.0
souffert;5.0
notable;1.0
pitaux;1.0
bâtie;7.0
supportés;1.0
exercent;1.0
profession;1.0
libéral;1.0
matériel;1.0
rédrez-vous;1.0
demandent;1.0
compensation;1.0
vraiment;6.0
démocratie;1.0
est-il;2.0
délibérer;2.0
servir;4.0
meurtries;1.0
pensent-ils;1.0
demandent-ils;1.0
discuté;2.0
moyen;10.0
assurerait;1.0
reporte;3.0
dommage;1.0
envahies;12.0
songent;1.0
doivent-ils;1.0
penser;2.0
puisqu;9.0
le-;1.0
iïmmeuble;1.0
reste;11.0
délibérons;1.0
gagner;2.0
pousser;1.0
peine;7.0
songé;1.0
entendre;2.0
totale;3.0
égalisation;1.0
risque;5.0
affirmé;2.0
recherche;1.0
venir;4.0
agréable;1.0
rencontrer;2.0
homme;11.0
autorité;1.0
connue;1.0
économique;1.0
présidée;3.0
dorderel;1.0
partage;2.0
révolutionnaire;1.0
directe;2.0
participer;4.0
apprenais;1.0
plaisir;1.0
municipal;3.0
association;2.0
citoyen;2.0
aveuglés;1.0
entendent;1.0
conduire;2.0
inquiétude;1.0
essayer;3.0
décisive;1.0
important;4.0
dirai;1.0
donnée;6.0
expression;5.0
âpreté;1.0
considérons;2.0
grossière;1.0
transigerons;1.0
réfléchir;2.0
presse;2.0
apprend;1.0
combattent;1.0
intérieur;17.0
geste;1.0
rompue;1.0
respectable;1.0
lie;2.0
sacrifier;1.0
repousserons;1.0
veut;4.0
prenne;1.0
répétés;1.0
douteux;1.0
culminant;2.0
voterai;3.0
germe;1.0
transactionnel;1.0
complexe;3.0
affranchir;1.0
théorique;2.0
réalité;20.0
grave;5.0
résoudre;3.0
pratiquement;1.0
crise;4.0
permission;11.0
descendre;2.0
hauteur;1.0
amenés;1.0
éloquent;3.0
précédé;1.0
présence;11.0
but;6.0
préciser;4.0
posée;2.0
économie;2.0
éparpillée;1.0
convient;1.0
rapprocher;2.0
partiellement;1.0
limiter;1.0
perte;7.0
subies;1.0
perception;1.0
facilitant;1.0
fixées;1.0
gouvernemeut;1.0
dus;1.0
provoquant;1.0
explication;5.0
peur;1.0
voir;7.0
oublier;2.0
poursuis;1.0
disais-je;2.0
prévoit;2.0
second;3.0
facilite;1.0
quci;1.0
faut-il;2.0
intercommission;3.0
rendant;2.0
sugges;1.0
tions;1.0
considéré;5.0
fallait;3.0
entendra;1.0
défini;1.0
groussiar;1.0
traite;1.0
discute;1.0
ment;6.0
vis;1.0
vise;2.0
ious;1.0
aient;3.0
canv-j;1.0
jouera-t-il;1.0
vis-à-vis;3.0
dea;1.0
indeop;1.0
nité;2.0
tfv;1.0
tlon;1.0
dépasseront;1.0
cei;1.0
tain;1.0
oopu-;1.0
lation;1.0
efirjo;1.0
parfaitement;6.0
hedi;1.0
leul;1.0
augmentant;1.0
cid;1.0
présumés;3.0
chaarianj;1.0
augmenté;1.0
pavement;1.0
élevant;1.0
nombreuse;1.0
rentrer;2.0
garanti;1.0
arudl;1.0
couvert;2.0
ciib;1.0
quièmes;2.0
remise;35.0
est-elle;2.0
estelle;1.0
férieur;2.0
pjxthi;1.0
jet;1.0
permette;1.0
seuls;7.0
rem;1.0
boursement;1.0
relève;5.0
ho-oi;1.0
norable;1.0
reconnaissant;2.0
soulevé;1.0
esprit;7.0
a-t-il;4.0
écrit;2.0
page;3.0
let;1.0
imposable;2.0
indemy;1.0
vise-t-il;1.0
voulez-vous;6.0
vewt;1.0
répondre;17.0
volontiers;2.0
cocaïne;1.0
yous;1.0
ler;1.0
observer;3.0
îhbn;1.0
réglée;4.0
concède;1.0
jouissance;4.0
local;1.0
payons;3.0
exactement;2.0
ivar;1.0
bougère;4.0
recevront-ils;1.0
effectué;1.0
limitée;1.0
est-;1.0
restreinte;1.0
enregistre;1.0
seconde;4.0
désire;3.0
conformer;1.0
engagement;3.0
volonté;3.0
réalisée;1.0
recevra-t-il;2.0
rester;1.0
décède;1.0
héritier;1.0
conformé;1.0
acceptation;1.0
adonnée;1.0
événement;4.0
indépendant;1.0
exécuter;2.0
acquise;1.0
jîas;1.0
préfèrent;1.0
prédit;1.0
reviendrons;1.0
agira;1.0
-loyers;1.0
demandera;3.0
prpllcation;1.0
attids;1.0
nxnai;1.0
cin-;1.0
valant;1.0
rangeant;1.0
riche;6.0
iemanderont;1.0
manière;11.0
entamer;1.0
borné;1.0
semblent;3.0
découler;1.0
élément;2.0
offerte;3.0
soulève;2.0
interrogation;2.0
interpellation;1.0
déférant;1.0
quitterai-je;1.0
monterai-je;1.0
inscris;1.0
énumérées;1.0
seules;2.0
auteur;5.0
soutien;3.0
énumérer;1.0
-deux;1.0
calcul;6.0
basé;1.0
dixièmes;1.0
millième;1.0
attends;3.0
confiance;3.0
réponse;10.0
poser;2.0
précises;5.0
répondront;1.0
formulées;1.0
ajourner;2.0
précise;1.0
supposer;3.0
réflexion;1.0
fameux;3.0
conduit;3.0
proposer;1.0
pareil;4.0
nommées;1.0
seine-etoise;1.0
bureaucratie;4.0
xii;1.0
étendu;1.0
ressort;1.0
préfecture;1.0
police;1.0
quelquefois;4.0
siège;2.0
siècle;1.0
bu-;1.0
reaucrates;1.0
navarre;3.0
élaborent;1.0
circulaire;9.0
défendus;1.0
fidèlement;1.0
minis-;1.0
tères;1.0
couleur;1.0
reproduisent;1.0
irrévocablement;1.0
changer;1.0
meu-;1.0
don;1.0
bureaucrate;2.0
parisien;5.0
grosse;1.0
former;1.0
argenteuil;1.0
haincy;1.0
villégiature;1.0
veau;1.0
parlerai;1.0
interdit;3.0
traitera;1.0
offre;7.0
appris;1.0
ailtrès;1.0
trois-là;1.0
significatif;1.0
sort;5.0
directement;1.0
confirmation;1.0
jugement;3.0
fameuses;1.0
suppose;4.0
établissez-vous;1.0
travaux;11.0
préparatoires;1.0
intégralement;1.0
variet-ur;1.0
période;3.0
combat;1.0
vivons;1.0
payeraient;1.0
sur-les;1.0
danô;1.0
comprend;2.0
différemment;1.0
paraît;7.0
évidemment;2.0
payera;1.0
craint;1.0
insurrection;2.0
crainte;1.0
trompé;1.0
insurrec-;1.0
ront-lls;1.0
apercevoir;2.0
démêler;1.0
agité;1.0
journal;3.0
familier;1.0
populaire;6.0
permettrez;1.0
employer;2.0
paraîtra;1.0
enceinte;2.0
fort;5.0
autrel;1.0
professeur;2.0
triviale;1.0
énergique;1.0
orateur;7.0
diront;1.0
qttn-y;1.0
esquivera;1.0
plus-value;4.0
faudra;11.0
évoquer;1.0
travaille;1.0
estime;2.0
lié;2.0
evements;1.0
verrons;1.0
pré-;1.0
toires;1.0
restera;1.0
pensez;1.0
nartifi;1.0
nias;1.0
nombreusn;1.0
la-population;1.0
effectivement;2.0
dégrevée;2.0
murmurera;1.0
dira;6.0
béatement;1.0
mauvais;1.0
français;8.0
semblez;1.0
croire;4.0
verra;1.0
vite;1.0
nuée;1.0
vapeur;1.0
brouillard;1.0
quleffectivernent;1.0
retrouvera;1.0
feuille;2.0
étonne;4.0
donnent;1.0
impossible;5.0
enfin;4.0
croyable;1.0
air;2.0
chancellerie;1.0
puissent;1.0
représentaient;1.0
joué;1.0
pile;1.0
gouverne;1.0
alexandre-blanc;2.0
gouvernait;1.0
représenteront;1.0
source;2.0
peutêtre;2.0
eclairez-nous;1.0
détaillez-nous;1.0
crains;1.0
garantie;1.0
basés;1.0
prolonger;1.0
apparition;1.0
paru;4.0
attirera;1.0
sortiront-ils;1.0
inquiétant;1.0
mutisme;1.0
dirontils;1.0
extraordinaire;2.0
suivrai;1.0
complu;1.0
loin;4.0
conduisons;1.0
série;2.0
prenons;2.0
actuel;2.0
normale;1.0
rétablie;1.0
créait;1.0
cherché;1.0
contrat;1.0
éclipsé;1.0
admettre;2.0
devions;1.0
inspirant;1.0
certainement;5.0
continuer;3.0
subvenir;2.0
hasard;3.0
résumé;2.0
gênant;1.0
laissant;1.0
tard;3.0
dominer;1.0
organisation;3.0
grâce;4.0
répartirait;1.0
foncière;2.0
notez;1.0
faisions;2.0
faciliterions;1.0
faisiez;3.0
arrangement;1.0
fourniriez;1.0
recule;1.0
viendraient;1.0
rencontrions;1.0
adversaire;1.0
tient;3.0
dit-il;1.0
charger;1.0
pourrai-je;1.0
évidente;2.0
écoutant;1.0
disais;3.0
trouveront;2.0
désagréable;1.0
reprenne;1.0
imposera;1.0
semble;10.0
retourne;1.0
ferions;1.0
soumets;1.0
répondez;1.0
affirmativement;1.0
devient;1.0
détail;2.0
arriverions;1.0
facilement;1.0
dissements;1.0
bâties;3.0
fédération;1.0
joseph;6.0
caillaux;2.0
paulbôaaregard;1.0
conclusion;2.0
éminemment;1.0
agricole;2.0
voudrais;5.0
chambro;1.0
danger;4.0
courir;1.0
examinant;1.0
stupéfait;1.0
désinvolture;1.0
veulent;3.0
épaule;2.0
nation;3.0
appelé;7.0
tomber;2.0
devraient;2.0
porter;3.0
répartir;2.0
incomber;1.0
li;1.0
hosti-;1.0
lités;1.0
clause;1.0
préoccupe;1.0
xiv;1.0
prolétaire;1.0
partk;1.0
évalu;1.0
milliard;2.0
répartis;1.0
existe;4.0
quote-part;1.0
distributive;1.0
toucher;3.0
brutalement;1.0
toucherez;1.0
fermée;1.0
casquer;1.0
intéresser;2.0
mêler;1.0
menace;1.0
étendra;1.0
campagne;2.0
saura;1.0
augmentées;1.0
désastreux;1.0
existait;1.0
méthode;3.0
répartissant;1.0
adopter;1.0
pourtant;1.0
appliquant;1.0
réclamions;1.0
rions;1.0
éternel;1.0
sacrifié;1.0
pay;1.0
san;1.0
incombant;1.0
repoussera;1.0
ariu-lu;1.0
répartira;1.0
solidaires;1.0
res;1.0
abal;1.0
quelmots;1.0
pourraient;5.0
retenus;3.0
accompagnés;1.0
établissant;1.0
mutuelle;6.0
trompe;1.0
objection;4.0
saisie;4.0
contre-projet;2.0
visant;1.0
institution;5.0
devait;2.0
répercussion;1.0
profonde;1.0
conviendrez;2.0
déterminât;1.0
formelle;2.0
genre;1.0
interprétation;1.0
correspond;3.0
persiste;1.0
affirmation;2.0
affirme;1.0
besoin;10.0
départager;1.0
déclaré;2.0
opposer;2.0
prêter;1.0
constitution;2.0
prétendant;1.0
lésé;1.0
prétendraient;1.0
récupérer;1.0
imposition;3.0
principal;4.0
patente;1.0
ribot;5.0
ajoutait;1.0
émise;1.0
agriculteur;2.0
autoriser;1.0
taxe;3.0
supplémentaires;1.0
chacune;2.0
surcharger;1.0
impossibilité;3.0
demandées;1.0
liquider;2.0
valoir;2.0
nécessairement;4.0
entrer;1.0
spécialisation;1.0
ette;1.0
at-;1.0
teinte;1.0
règle;5.0
fondamentales;1.0
teriuës-pour;1.0
atteinte;1.0
routine;1.0
présentait;1.0
impressionnera;1.0
résulte;3.0
évaluation;1.0
livrés;2.0
économiste;1.0
évalué;1.0
entriez;1.0
seule;3.0
arriveriez;1.0
majoré;1.0
opposé;1.0
pourrez;2.0
examen;3.0
attentif;1.0
reposant;1.0
rejeter;1.0
orienter;1.0
direction;1.0
répondu;4.0
répondrai;1.0
repose;1.0
espère;2.0
appuyé;1.0
mouvement;2.0
attribuer;1.0
évidence;1.0
soutenons;1.0
bail;2.0
assurant;1.0
fetat;1.0
intervient;1.0
appartiendra;1.0
atteint;2.0
supposons;1.0
instant;3.0
inexistant;2.0
trouvions;1.0
votés;1.0
arrivera-t-il;1.0
vainement;1.0
réclamé;1.0
assigneront;1.0
poursuite;2.0
condamné;2.0
trouvera;2.0
expulsé;4.0
oubliez;2.0
hypothèse;14.0
condamnation;2.0
centaine;3.0
millier;3.0
définition;2.0
jeté;1.0
rue;3.0
passerait-il;1.0
produirait;1.0
émotion;1.0
trouve-;1.0
rait;1.0
charrfsrft;1.0
interpellateur;2.0
demanderaielltu;1.0
immédiatemèmi;1.0
destinée;2.0
abri;1.0
impitoyablement;1.0
chaste;1.0
sées;1.0
logis;2.0
votif;1.0
veuillez;2.0
rendre;3.0
interrompu;1.0
intervenus;1.0
remoiir;1.0
tâcha;1.0
incombe;1.0
éventualité;1.0
produire;1.0
lacune;1.0
comblée;1.0
lever;1.0
imprévoyance;2.0
sommer;1.0
chassées;1.0
aurait-il;1.0
déférer;1.0
sommation;1.0
adressée;1.0
exerçant;1.0
devance;1.0
payé;6.0
admettant;1.0
-que;1.0
réduction;4.0
antérieurement;2.0
serions;2.0
trouvés;1.0
parer;1.0
difficulté;5.0
résultée;1.0
isolé;1.0
introduire;1.0
option;1.0
avezle;1.0
choisir;2.0
meilleur;2.0
considérez;1.0
solvable;2.0
assigner;1.0
arbitrale;7.0
obtenez;1.0
réponds;1.0
engager;1.0
tribunal;4.0
arbitral;1.0
définitivement;1.0
déchu;1.0
réclamer;3.0
collusion;6.0
débiteur;3.0
courra;1.0
juger;1.0
soii;1.0
locatatre;1.0
faute;3.0
dispose;1.0
suffisantes;1.0
choisit;1.0
moindres;1.0
normaux;1.0
répéter;3.0
assurons;1.0
objectez;1.0
autorise;1.0
considérer;2.0
espérance;2.0
fondé;2.0
innombrable;1.0
compter;1.0
défendu;1.0
matériellement;1.0
apporter;8.0
solvabilité;2.0
commencement;1.0
dispensé;1.0
pourrait-il;2.0
conclure;1.0
chance;1.0
triompher;1.0
hésitera;1.0
saisir;1.0
transactionnelle;1.0
apportée;2.0
procure;1.0
offrez;1.0
produite;1.0
perdons;1.0
insistera;1.0
insolvables;1.0
véritable;2.0
proposerait-on;1.0
rémunérer;1.0
pourrait-on;1.0
rénumération;1.0
due;1.0
refusé;2.0
équivaudrait;1.0
expropriation;1.0
pro-;2.0
priétaires;1.0
déclarés;1.0
proclamant;1.0
exproprié;1.0
lerolle;3.0
connaissez;1.0
obligatoire;5.0
expliquez;1.0
donnerai;1.0
entière;4.0
essaierai;1.0
différence;9.0
-seine;1.0
diffé-;1.0
rence;1.0
élevée;1.0
consenti;2.0
décrois;1.0
auriez;1.0
contester;1.0
pris;12.0
incontestablement;1.0
ebnseil;1.0
garçon;1.0
imposé;3.0
reculé;1.0
récrimination;1.0
formule;1.0
proposait;1.0
subordonnait;1.0
inadmissible;1.0
arbitrer;1.0
équitablement;1.0
semblé;1.0
basées;2.0
théo;2.0
bretin;1.0
trouvez-vous;1.0
toute-ltbèrté;1.0
refuser;2.0
complémentaire;2.0
ovinc;1.0
ampleur;1.0
contenant;2.0
importantes;2.0
riu;1.0
rement;1.0
rural;1.0
décideront;1.0
facultatif;1.0
comprennent;1.0
posera;2.0
fatalement;1.0
contributioa;1.0
supporte;1.0
ouvrira;1.0
municipaux;2.0
noter;1.0
concurrence;1.0
critiquent;1.0
disent;2.0
peut-on;1.0
maintenu;2.0
territoire;5.0
habite;1.0
apercevrait;1.0
degré;1.0
fût;1.0
lourde;1.0
gagnerait;1.0
inappréciable;1.0
prévenir;3.0
conflit;2.0
sociaux;2.0
capables;1.0
influencer;1.0
statuer;1.0
affecte;1.0
profondément;2.0
haute;2.0
rabaissées;1.0
électoraux;1.0
circonscription;1.0
commettra;1.0
manquerez;1.0
apprécier;1.0
combinaison;1.0
vivement;1.0
attaqué;1.0
efficace;1.0
apportons;2.0
ferme;5.0
conviction;3.0
concilier;2.0
perdez;1.0
opèrent;1.0
instamment;1.0
entraînerait;1.0
écroulement;1.0
soigneusement;1.0
laborieusement;1.0
éehafaudé;1.0
cîvltë;1.0
assumer;1.0
prendra;2.0
oriquet;1.0
éloquente;3.0
posant;1.0
incidemment;1.0
frappante;1.0
amène;1.0
réser-;1.0
vée;1.0
goniaux;1.0
durre;2.0
dubled;2.0
mélin;2.0
vincent;5.0
guislain;2.0
cadot;2.0
salembier;2.0
lecointe;2.0
ringuier;2.0
deguise;2.0
philbois;2.0
seydoux;2.0
narcisse;2.0
boulanger;2.0
déposer;1.0
stipulant;1.0
appliquerait;1.0
situés;1.0
retarder;1.0
confirmer;1.0
intéressante;2.0
évident;3.0
communne;1.0
suffire;1.0
remarquable;1.0
cité;1.0
typique;1.0
empruntés;1.0
jurisprudence;1.0
développée;1.0
appliquent;1.0
fortiori;1.0
convenir;1.0
appeler;2.0
douloureuse;1.0
information;1.0
insuffisants;1.0
joui;1.0
imparfaite;1.0
humiliation;1.0
lo-;1.0
décidez;1.0
fortement;1.0
modestes;1.0
tarir;1.0
patron;1.0
travaillent;2.0
patriotisme;1.0
travailler;1.0
forger;1.0
libération;3.0
échappé;2.0
parlé;5.0
conversation;2.0
contraste;1.0
signalés;1.0
éloqucmment;1.0
zone;3.0
vahis;1.0
wiét;1.0
impos-;1.0
sible;1.0
intervienne;3.0
concernai;1.0
envahis;9.0
retenons;1.0
promesse;1.0
interviendra;2.0
fera;3.0
stoïque;1.0
endurance;1.0
faisons;2.0
vaudrait;1.0
parlent;1.0
approché;1.0
conseiller;1.0
multiplicité;1.0
talent;2.0
suffit;3.0
pencher;2.0
balance;1.0
indispensable;5.0
succédé;1.0
favorables;1.0
trouvons;2.0
substantiel;2.0
prononcé;2.0
vienne;3.0
traitée;1.0
regarder;2.0
quelques-unes;5.0
hypo-;1.0
ferai;1.0
extrêmement;2.0
courtes;1.0
apparaît;2.0
semaine;4.0
abordé;1.0
tournons;1.0
cercle;1.0
remettant;1.0
empreinte;1.0
protesté;3.0
inlassablement;2.0
restiez;1.0
jus;1.0
juge;2.0
impartiaux;1.0
répondions;1.0
excusant;1.0
répétition;1.0
monotones;1.0
serai;1.0
sûreté;1.0
ellemême;2.0
serai-je;1.0
enfouie;1.0
addortées;1.0
combiné;1.0
opéré;2.0
prépare;1.0
pratique;3.0
regret;2.0
éprouve;2.0
enchaîner;1.0
dépendre;2.0
jele;1.0
montrerai;3.0
éprouver;1.0
revenir;2.0
attentive;1.0
poursuivent;1.0
retiens;1.0
exonérer;1.0
paient;1.0
nfr;1.0
nrïus;1.0
choix;1.0
aléa;2.0
pouvions;2.0
con-r;1.0
traire;1.0
extrémité;2.0
champ;2.0
-de;1.0
forfaitairement;1.0
législativement;1.0
atteints;1.0
envisagé;2.0
recevrait;1.0
étendant;2.0
caractéristique;1.0
écarter;2.0
maison;7.0
répugnance;1.0
ai-je;1.0
amené;1.0
com-;1.0
congé;1.0
exonérez;1.0
empêchez;1.0
puiser;1.0
code;5.0
expulser;1.0
expulsion;1.0
procédure;6.0
remet;1.0
faire-et;1.0
exiger;2.0
imposions;1.0
social;2.0
servait;1.0
reviens;3.0
vide;2.0
installe;1.0
réquisitionne;1.0
blessé;2.0
abriter;1.0
réfugié;4.0
proprié-;1.0
taire;1.0
oblige;4.0
considère;4.0
accusé;1.0
cadeau;1.0
intégral;1.0
appelons;1.0
battre;2.0
nocif;1.0
péjoratif;1.0
payez;1.0
proclamer;2.0
équivalente;1.0
indemniser;1.0
rend;2.0
frai;1.0
frala;1.0
serais;3.0
pius;1.0
jugez;1.0
souri;1.0
trompez;1.0
attend;2.0
entrechoquent;1.0
essayons;1.0
peser;1.0
parfaite;1.0
échappe;2.0
normal;1.0
-nous;1.0
fourni;1.0
raisonner;1.0
échappent;1.0
-la;1.0
pourrons-nous;2.0
soyons;1.0
dotés;1.0
infaillibilité;1.0
réclame;1.0
attendue;2.0
mécontenter;1.0
parlement;3.0
pourrions-nous;1.0
essence;1.0
transiger;1.0
abdiquant;1.0
personnelles;2.0
réunir;1.0
autour;2.0
contient;2.0
inconvénient;2.0
ormule;1.0
législative;1.0
arriver;1.0
dramatiser;1.0
vingtaine;1.0
associé;1.0
gardien;3.0
pourvoient;1.0
lycée;1.0
collège;1.0
caserne;1.0
loger;1.0
banlieue;2.0
particulières;2.0
payait;1.0
exigeraient;1.0
condamnerait;1.0
poursuivis;4.0
gardés;1.0
évite;2.0
conséquent;2.0
trouble;2.0
porté;12.0
pécuniaire;1.0
perdre;1.0
qualifieriezvous;1.0
envisagée;2.0
prenions;1.0
ré-;3.0
pondre;1.0
conjonction;1.0
organe;1.0
groupe;4.0
appartiennent;3.0
injure;3.0
spirituellement;1.0
critiquées;2.0
figuraient;1.0
échangées;1.0
similitude;5.0
recherché;1.0
viennent;1.0
écouler;1.0
dise;2.0
souscrit;1.0
essentielle;3.0
bénéficié;2.0
goo;1.0
permise;1.0
sache;1.0
prochain;1.0
combler;1.0
établissais;1.0
imagine;1.0
véhémence;7.0
protesteriez;1.0
assimilation;1.0
assimiler;1.0
comparer;2.0
prendrai;1.0
impartialité;1.0
amélioration;1.0
urbaines;1.0
amenée;1.0
communiquer;1.0
scandaleuse;1.0
métropolitain;2.0
bicii;1.0
vois;4.0
quelques-uns;1.0
disaient;2.0
vtl;1.0
augmenter;4.0
assiette;3.0
plusvalues;1.0
communiquées;1.0
if;1.0
tranquille;1.0
preniez;1.0
solide;3.0
défie;2.0
reposer;1.0
jcinquième;1.0
reproche;1.0
avoue;1.0
prie;4.0
conférence;8.0
instituées;1.0
compétents;1.0
officiel;3.0
légal;2.0
continue;2.0
loisible;1.0
discutions;1.0
véhémentes;1.0
apostrophe;1.0
commettons;1.0
auriol;3.0
êtes;3.0
entretenu;1.0
essayé;3.0
dfra;1.0
mention;1.0
échappera;2.0
aiguisent;1.0
confrontation;1.0
paie;1.0
reconnaît;1.0
sérieux;2.0
invoquer;1.0
réduit;2.0
comparaison;2.0
touche;1.0
poursuivi;1.0
privilégié;1.0
incommutable;1.0
inébranlable;1.0
inamovible;1.0
ce-privilège;1.0
taa-;1.0
quiaurasuhi;1.0
bénéficie;1.0
similituie;1.0
percevra;1.0
reconnais;2.0
détriment;1.0
abat;1.0
touchera;4.0
touchera-t-il;1.0
poursuivra;2.0
qui-est;1.0
exclu;1.0
fur;4.0
puisées;1.0
explique;1.0
una;2.0
bonne;3.0
trouverions;2.0
indirecte;2.0
échapper;2.0
moutet;2.0
développé;1.0
compétentes;1.0
décidiez;1.0
prendrez-vous;1.0
argent;4.0
mutualité;4.0
sera-t-elle;2.0
devront-ils;1.0
adhérer;1.0
envisage;2.0
sera-t-il;1.0
plume;1.0
exprimer;1.0
voyons;1.0
délivrera;1.0
contrainte;4.0
frappera;1.0
frappé;2.0
quasi-to;1.0
talité;1.0
serez;2.0
arrêter;1.0
nien;1.0
nesoins;1.0
pourvoir;2.0
revue;1.0
inclinera;1.0
respect;1.0
traditionnel;1.0
nette;1.0
constaté;1.0
existant;1.0
ajoutera;1.0
faiblement;1.0
talonné;1.0
aille;1.0
indirects;2.0
attachiez;1.0
soitle;1.0
mettant;1.0
voile;1.0
procède;1.0
sûre;1.0
arriverez;1.0
poche;2.0
apportiez;1.0
solidité;1.0
ébauchée;1.0
courtoisement;1.0
défi;1.0
prendrez;1.0
vaut;1.0
apporté;2.0
mandat;2.0
puisé;1.0
déférence;2.0
doublement;1.0
vingt-trois;3.0
assiste;2.0
plier;1.0
controverse;1.0
choc;1.0
supplie;1.0
bannissons;1.0
exagéré;1.0
nne;1.0
défenseur;1.0
provocation;1.0
esl;1.0
opposez;1.0
la-vérité;1.0
qdjte;1.0
ice;1.0
nier;1.0
intéressons;1.0
heureusement;1.0
repoussé;3.0
réclamation;4.0
socia;1.0
gardez;2.0
substance;1.0
mettons;1.0
phrase;2.0
incriminez;1.0
sûr;3.0
permettait;1.0
imposant;1.0
pouvaient;1.0
incertitude;1.0
écrire;1.0
exonéréa;1.0
décider;1.0
ravi;1.0
prétoire;1.0
obstacle;2.0
attrait;2.0
renouvelée;1.0
croit;1.0
certitude;1.0
devez;2.0
similaire;1.0
adéquate;1.0
faisons-nous;1.0
appelez;1.0
substituons-nuis;1.0
enveloppée;1.0
avüir;1.0
insister;2.0
aperçois;2.0
jointe;1.0
coup;1.0
tragiques;1.0
traversons;1.0
critiquable;1.0
bienfait;1.0
niiîérèt;1.0
jine;1.0
symbole;1.0
complexité;1.0
voteriez;1.0
morr-devoir;1.0
fermeté;1.0
applalulissements;1.0
lia;1.0
indiqué;2.0
rejetait;1.0
désorganisé;1.0
reprenant;1.0
fournis;2.0
parm;1.0
prenez;1.0
libellée;3.0
réservée;1.0
remplir;1.0
variera;1.0
défalqué;1.0
comptions;1.0
juridiction;1.0
sentez;1.0
respectueusement;1.0
essentiel;3.0
solvaoilité;1.0
fen;1.0
pourrais;1.0
donne-moi;1.0
échange;2.0
affirmer;3.0
versé;2.0
immoralité;1.0
abus;1.0
connu;1.0
organise;1.0
lvolwealix;1.0
interroitlpre;1.0
prévoyant;1.0
résolue;1.0
réprimer;1.0
inséré;1.0
punit;1.0
faux;4.0
devançant;1.0
soucieux;1.0
atteindre;1.0
fraude;1.0
glisser;1.0
venons;2.0
emà;1.0
pruntée;1.0
édicte;1.0
pénal;4.0
escroquerie;2.0
exclamation;1.0
ajouté;1.0
feraient;1.0
correctionnels;1.0
passibles;1.0
alexandre;3.0
varenne;3.0
inopérant;1.0
prononce;1.0
emprisonnement;1.0
termine;2.0
applicable;5.0
accepteraient;1.0
jury;1.0
spéciaux;2.0
correctionnelle;1.0
livrer;2.0
convaincre;1.0
créerez;1.0
pénalité;1.0
coupable;1.0
difficilement;1.0
perceptible;1.0
organisez;1.0
provoque;1.0
insisté;1.0
justifier;1.0
deont;1.0
intimement;1.0
comprendrait;1.0
rejeté;1.0
lieux;4.0
suivraient;1.0
jetez;1.0
avf;1.0
comparez;1.0
héhéchissex;1.0
demanderez;1.0
tort;1.0
touie;1.0
précèdent;2.0
loca;1.0
taires;1.0
possession;2.0
loués;2.0
expressément;2.0
exonéré;1.0
gratuitement;1.0
cacher;1.0
contradiction;2.0
dre;1.0
véhément;1.0
eucourir;1.0
rerroéh;1.0
adressait;1.0
quit;1.0
efforce;1.0
calme;1.0
sérénité;2.0
loyal;1.0
préjudice;1.0
subir;1.0
progression;1.0
masqué;1.0
juridiques;1.0
tirerait;1.0
origine;4.0
frapper;1.0
venaient;1.0
pourrions;2.0
inspirerait;1.0
commode;2.0
maintenons;1.0
lasser;1.0
bancsj;1.0
pottevin;3.0
rapportent;1.0
laissent;1.0
allusion;2.0
correspondent;1.0
recommencer;1.0
rédigés;1.0
entends;3.0
animait;1.0
feront-ils;1.0
poursuivant;1.0
demi;1.0
hésitation;1.0
protégé;1.0
craignezvous;1.0
connaît;1.0
tentés;1.0
spéculation;2.0
rattraper;1.0
placer;1.0
non-pas;1.0
unlfégirne;1.0
signifie;1.0
accordera;1.0
s-e;1.0
libérer;1.0
minute;2.0
rédigée;1.0
complet;2.0
satisfaits;2.0
maintenue;1.0
voteront;2.0
vider;1.0
siégeons;1.0
invoquent;1.0
croient;1.0
réalisées;1.0
coucordantes;1.0
gauche;2.0
rive;1.0
humeur;1.0
soutenait;1.0
semblable;2.0
légère;1.0
fantaisie;1.0
barthélémy;1.0
obscurcie;1.0
juriste;1.0
subtils;1.0
préoccupés;1.0
décevants;1.0
bienl;1.0
formulait;1.0
indication;3.0
étudier;1.0
voyez-vous;1.0
voterait;1.0
dit-on;1.0
débarrasser;1.0
irritant;1.0
autorisée;1.0
indiquait;1.0
séduisant;1.0
reprocher;1.0
inertie;1.0
gouvernementale;2.0
pourrons;1.0
dressé;2.0
lancée;1.0
bilan;2.0
perçu;1.0
rôle;3.0
agent;3.0
enregistrement;1.0
directes;1.0
inventaire;1.0
connaîtrions;1.0
apercevrions;1.0
retrouver;1.0
connaîtra;1.0
lient;2.0
fiancé;1.0
statistique;2.0
aborder;1.0
biais;1.0
voulait;1.0
suivre;2.0
sagesse;1.0
entente;2.0
vaut-t-il;1.0
occasion;2.0
fonction;1.0
maintes;1.0
publiques;2.0
faubourg;1.0
haine;2.0
invoque;1.0
senti;1.0
pouls;1.0
offrait;1.0
dangereuses;2.0
désaccord;1.0
commise;2.0
rès;1.0
commettrait;1.0
unanimes;1.0
serait-ce;1.0
radical-socialiste;1.0
siègent;1.0
patriotique;1.0
joindront;1.0
bulletin;1.0
travaillerons;2.0
bienfaisant;1.0
travaillé;1.0
làval;1.0
convie;1.0
sérieusement;1.0
étude;2.0
nommée;1.0
examiné;2.0
contreproj;1.0
dédain;1.0
détermination;2.0
étiez;1.0
voù;1.0
représentez;1.0
lalégislation;1.0
étudié;1.0
permettais;1.0
doux;1.0
souscommissions;1.0
intervenue;1.0
nomination;6.0
révolution;1.0
changement;2.0
indiquant;1.0
diviser;1.0
tenter;1.0
lève;1.0
empêcher;1.0
réalise;1.0
facultative;1.0
trouvait;1.0
joins;1.0
puisse;1.0
appliquer;2.0
tpaul;1.0
bonnevay;3.0
cède;1.0
partagent;2.0
démontré;1.0
adapter;1.0
doctrine;1.0
fiires;1.0
doutez;1.0
préliminaire;1.0
regrette;1.0
ayons;1.0
éliminée;1.0
commencer;1.0
traiter;1.0
retard;1.0
urgente;2.0
signe;1.0
assentiment;1.0
représentera;1.0
ferons;1.0
laf;2.0
fit;1.0
dois-je;2.0
admettent;1.0
étroit;1.0
insuffisant;1.0
acceptent;1.0
continuions;1.0
disparaître;1.0
respectives;1.0
possibles;1.0
informée;1.0
satisferait;1.0
renvoyer;3.0
permettra;3.0
apportant;1.0
témoignage;1.0
délibéré;3.0
minutieusement;1.0
ancien;3.0
loisir;1.0
substitué;1.0
qualifierai;1.0
diminuer;1.0
travail;2.0
rapidement;2.0
équilibrer;1.0
éloquence;1.0
chaude;1.0
limpide;1.0
proposons;1.0
deviendra-t-il;1.0
serontelles;1.0
sommes-nous;2.0
acceptons;1.0
perfectionnement;1.0
bines;1.0
séparés;1.0
accepterais;1.0
apporterons;1.0
entraînait;1.0
re-;1.0
trait;1.0
regrettable;1.0
ce-que;1.0
qtai;1.0
nte;1.0
consulter;1.0
rétablir;3.0
renoncerai;1.0
nulle;1.0
compro;1.0
banes;1.0
brizoix;1.0
suivez;1.0
chemin;2.0
allez-vous;1.0
innombrables;1.0
victime;1.0
possèdent;1.0
urbains;1.0
conversalions;1.0
compréhensible;1.0
pénible;1.0
fatigue;1.0
continuation;1.0
terminer;2.0
occupe;1.0
retirer;1.0
soir;1.0
préférable;1.0
insistant;1.0
noncer;1.0
rexvoi;1.0
uxe;1.0
cmnnssiox;1.0
extérieures;2.0
colonie;3.0
martinique;1.0
guadeloupe;1.0
guyane;1.0
commissnns;1.0
permanente;3.0
vacance;3.0
vouloir;3.0
detaain;1.0
vendredi;4.0
j-e;1.0
rappelle;1.0
delafosse;1.0
agriculture;5.0
thome;1.0
colonel;2.0
driant;1.0
commerce;3.0
poulain;1.0
roblin;2.0
-com;1.0
itissioii;1.0
définitif;1.0
hauline;1.0
rauline;1.0
bobtin;1.0
pension;6.0
edmond;2.0
chapuis;1.0
cojdigxrca;1.0
tjo;1.0
reçu;12.0
xle;1.0
honneur;4.0
amiral;4.0
bieaajiné;1.0
démission;1.0
uonnorat;1.0
ordonuer;1.0
bienaimé;3.0
inscrire;12.0
noun;1.0
andeau;1.0
agréer;1.0
assurance;2.0
klotz;2.0
mhbouffandeau;1.0
peudant;1.0
impression;1.0
ordonnés;1.0
gou-;1.0
vernement;1.0
tête;9.0
suivra;9.0
lre;1.0
artillerie;2.0
génie;4.0
batterie;1.0
adjudant;2.0
iniiaistration;1.0
ordonnée;7.0
industrie;1.0
dubois;3.0
change;2.0
marine;3.0
au-;1.0
jourd;1.0
admission;4.0
anticipée;2.0
cadre;2.0
retraite;4.0
office;5.0
corps;3.0
recrutement;4.0
sous-agents;2.0
technique;3.0
poudre;4.0
résolution;3.0
brenier;3.0
organiser;1.0
récupération;1.0
front;4.0
déchet;2.0
utilisables;1.0
rebut;2.0
troupe;5.0
atfjourd;1.0
berry;2.0
ministère;4.0
honorariat;3.0
assimilé;2.0
territoriale;3.0
haoul;1.0
solde;2.0
prévoyance;1.0
rameil;2.0
rééducation;1.0
mutilé;3.0
abror;1.0
fixe;2.0
école;2.0
polytechnique;2.0
métayage;2.0
diminution;1.0
fermage;1.0
proroger;1.0
accordant;2.0
encouragement;2.0
culture;2.0
chanvre;2.0
ltr;1.0
amédée;7.0
insertion;1.0
ment-;1.0
bres;1.0
imprimé;2.0
distribués;2.0
noël;2.0
sousofficiers;1.0
levée;1.0
sténographique;1.0
violette;1.0
noircarme;1.0
prescrite;1.0
convoqué;1.0
décidé;1.0
soumises;2.0
approbation;1.0
lundi;2.0
mardi;2.0
mercredi;1.0
samedi;1.0
prochaine;1.0
kdeux;1.0
précédemment;1.0
commence;1.0
abandonné;1.0
tète;2.0
ccccaldi;1.0
inspire;1.0
bat-;1.0
terie;1.0
création;1.0
ingénieur;1.0
utilisation;1.0
annexe;3.0
apnlication;1.0
complétant;1.0
désigner;1.0
consultative;3.0
chapitre;4.0
ressortissent;1.0
compétence;1.0
réciproquement;1.0
titulaire;1.0
conférés;1.0
cidessus;1.0
notifiés;1.0
publiés;1.0
procèsverbal;1.0
perreau-pradier;2.0
désigné;3.0
boisson;1.0
écrites;2.0
tication;1.0
conçu;1.0
sommairenient;1.0
rédigées;1.0
suivent;1.0
imprimées;1.0
publie;1.0
répondit;1.0
clament;2.0
rassembler;1.0
étéments;1.0
écrite;32.0
exact;3.0
intendance;2.0
rétrocédé;1.0
ravitaillement;1.0
quintal;1.0
avoine;1.0
réquisitionné;1.0
affirmative;1.0
protéger;1.0
cultivateur;3.0
josse;2.0
prisonnier;4.0
allemand;1.0
employé;3.0
algérie;1.0
creuser;1.0
canal;1.0
irrigation;1.0
tronçon;1.0
ferrées;1.0
voierie;1.0
fussent;1.0
agricoles;4.0
tirer;1.0
actuellement;2.0
sol;1.0
rendement;1.0
bénéficiera;1.0
ajoutant;6.0
achat;1.0
céréale;1.0
étranger;1.0
économiser;1.0
transport;1.0
ludre;2.0
maire;3.0
claire;1.0
respectifs;1.0
labour;1.0
semailles;1.0
printemps;1.0
prétendent;1.0
contentés;1.0
close;1.0
magniez;7.0
percepteur;1.0
réclament;1.0
pron-icté;1.0
trouvant;1.0
occupée;1.0
exposant;3.0
cornum;1.0
propr;1.0
kbom;1.0
bardées;1.0
continuaient;1.0
cira;1.0
détruites;1.0
non-location;1.0
priant;2.0
gard;9.0
requises;1.0
régiment;2.0
bataillon;3.0
chasseur;1.0
alpins;1.0
territorial;3.0
secteur;1.0
vieille;1.0
signalant;1.0
erreur;13.0
écorce;2.0
chêne;4.0
vert;2.0
yeuse;1.0
midi;1.0
richesse;1.0
tanin;1.0
cote;1.0
récupéré;1.0
décembre;7.0
inapte;1.0
auxiliaire;13.0
renvoyé;1.0
foyer;2.0
rappelé;2.0
astreint;1.0
visite;1.0
usine;2.0
envoyé;1.0
convalescence;1.0
gratification;1.0
journalier;1.0
entretien;1.0
femme;1.0
convalescent;1.0
affecté;2.0
sanction;1.0
ins-;1.0
pecteur;1.0
prise;1.0
visité;1.0
camp;2.0
doléance;1.0
oralement;1.0
coyrard;2.0
appelant;1.0
étudiant;2.0
médecine;1.0
servi;1.0
infirmier;1.0
ambulance;1.0
automobile;1.0
médecin;1.0
formation;1.0
annexé;1.0
spécifie;1.0
mairie;1.0
non-disponibilité;1.0
active;2.0
armé;1.0
restriction;1.0
étend;1.0
anxiliaires;1.0
delaroue;2.0
ministérielle;3.0
régulièrement;1.0
résidence;4.0
domicile;2.0
châtelet-en-brie;1.0
seine-et-marne;1.0
chambéry;1.0
seine-etmarne;1.0
melun;1.0
girod;2.0
veuve;1.0
décédé;1.0
digne;1.0
lefol;2.0
rapprochement;1.0
applique;1.0
graduellement;1.0
long;2.0
jeune;2.0
locquin;2.0
quotidien;1.0
station;1.0
magasin;1.0
manutention;1.0
repos;1.0
hebdomadaire;1.0
demi-journée;1.0
soif;1.0
manutentionnaire;1.0
luire;1.0
angleterre;3.0
interprète;3.0
anglaise;3.0
voyage;2.0
boulogne;1.0
destination;1.0
retour;1.0
omis;1.0
allié;1.0
auparavant;1.0
réparer;1.0
omission;1.0
permissionnaire;1.0
convocation;2.0
cuirassier;1.0
volontaire;2.0
infanterie;2.0
mahieu;1.0
changé;1.0
proximité;1.0
prévoient;1.0
recommandent;1.0
ministérielles;1.0
crivant;1.0
permuter;1.0
permutant;2.0
convenance;1.0
étape;1.0
créés;1.0
trouvent;3.0
travaillant;1.0
unité;1.0
relever;1.0
périodiquement;1.0
prescrivant;1.0
deçà;1.0
ligne;3.0
démarcation;1.0
circulation;1.0
fer;1.0
localité;1.0
rigal;2.0
conforme;1.0
procéder;2.0
instructeur;3.0
distinguer;1.0
apte;1.0
spécialement;1.0
questiqn;1.0
serre;2.0
nettement;1.0
spécifié;1.0
relevé;2.0
supprimé;1.0
valette;2.0
janvier;3.0
subalterne;1.0
renfort;1.0
pitaines;1.0
promu;1.0
affectation;1.0
nterieur;1.0
radiation;1.0
rque;1.0
ttfrt;1.0
crtnissions;1.0
cantonale;1.0
bouilloux-lafont;2.0
administré;1.0
aussitôt;1.0
dépèche;1.0
avertis;1.0
inhumation;1.0
lïnhumaton;1.0
convié;1.0
carré-bonvalet;2.0
démandant;1.0
mobi;1.0
lisé;1.0
nommé;1.0
gendarme;2.0
activité;1.0
arbitraire;1.0
supprimer;1.0
bénéficiaient;1.0
parent;2.0
restés;1.0
occupé;1.0
évacué;1.0
exceptionnel;2.0
conservé;2.0
demande-de;1.0
amédéescouesnm;1.0
occupés;1.0
pourvoira;1.0
jusques;1.0
recouvrement;3.0
dudit;1.0
budgétaire;2.0
incidence;1.0
lumière;1.0
varticle;1.0
éclaircissement;1.0
précis;1.0
hintérieur;1.0
ardue;1.0
provisoire;1.0
imposa;1.0
arrêtent;1.0
voil;1.0
effectués;2.0
prendrait;1.0
annuelle;1.0
communaux;1.0
consentirait;1.0
remis;1.0
atteindrait;1.0
râle;1.0
montaient;1.0
évalués;1.0
correspondant;1.0
cru;1.0
reçoivent;1.0
portent;1.0
produit;2.0
prévision;1.0
budgétaires;1.0
déclare;9.0
bes;1.0
bornée;1.0
controversé;1.0
échéance;1.0
finaneos;1.0
conclut;1.0
distincts;1.0
éprouvés;1.0
ieasion;1.0
diversité;1.0
municipalité;1.0
comporter;1.0
solu-;1.0
généralité;1.0
émission;1.0
fonctionnaire;2.0
naturellement;1.0
éprouvées;1.0
invasion;1.0
urgent;1.0
inverse;1.0
envabis;1.0
actuellemeni;1.0
inéluctable;2.0
disposent;1.0
provenant;1.0
supprimés;1.0
ardennes;1.0
sensiblement;1.0
strict;1.0
expliqué;1.0
susvisées;1.0
sauraient;1.0
ajourné;1.0
procédé;1.0
approprié;1.0
consisterait;1.0
ouvrir;2.0
réparties;3.0
dûment;1.0
constatés;1.0
lef;1.0
composition;3.0
ferait;1.0
exercice;3.0
addition;3.0
alloués;3.0
intitulé;3.0
extraordinaires;3.0
déterminée;2.0
rangés;1.0
versement;1.0
revenr;1.0
dication;1.0
demeurerait;1.0
estimé;1.0
véritablement;1.0
étudiera;1.0
rapportera;1.0
réclamés;1.0
expédiente;1.0
teneur;1.0
substituée;1.0
dispositif;1.0
ladite;1.0
il-;1.0
décrèt;1.0
erratum;1.0
colonne;2.0
alinéa;3.0
inexactement;1.0
reproduit;1.0
célibataire;3.0
marié;3.0
svil;1.0
léon-perrier;1.0
isère;3.0
ulf;1.0
dljfj;1.0
régularisation;1.0
duj;1.0
ajournement;2.0
élection;2.0
délégué;1.0
sécurité;1.0
mineur;2.0
desjl;1.0
nistration;1.0
vriers;1.0
lire;1.0
durafour;6.0
var;2.0
ticle;2.0
votk;1.0
alasseur;1.0
aldy;1.0
drieu;1.0
tarn;1.0
augagneur;1.0
augé;1.0
babaud-lacroze;2.0
bachimont;1.0
baduel;1.0
bal;1.0
lande;2.0
barabant;1.0
barthou;1.0
becays;1.0
bedouce;1.0
bclinguier;1.0
benazet;1.0
bender;1.0
rhône;4.0
bergeoiu;1.0
berger;1.0
maurice;7.0
doubs;2.0
berthon;1.0
bertrand;3.0
drôme;1.0
betoulle;1.0
bluysen;1.0
boisneuf;1.0
boissel;1.0
dombreval;1.0
bonnail;1.0
bonniard;2.0
boret;1.0
victor;4.0
bouchesdu-rhône;2.0
bouyssou;1.0
braibant;1.0
bras;1.0
bretia;1.0
saône-et-loire;2.0
broussais;1.0
dordogne;1.0
cabrol;1.0
cachin;1.0
marcel;1.0
cadenat;1.0
caffort;1.0
camelle;1.0
camuzet;1.0
cazassus;1.0
chambrun;1.0
chassaing;1.0
chaulet;1.0
challlin-servinière;1.0
chavoix;1.0
clément;1.0
colliard;1.0
compère-morel;1.0
coutant;1.0
crolard;1.0
cuttoli;1.0
daniel-vincent;1.0
dansette;1.0
david;1.0
haute-savoie;2.0
debaune;1.0
dejeante;1.0
delahaye;2.0
marius;2.0
deléglise;1.0
delelis;1.0
fanien;1.0
delpierre;1.0
demellier;1.0
denais;1.0
dorveloy;1.0
deshavcs;1.0
dessoye;1.0
diagne;1.0
dreyt;1.0
driyot;1.0
dubief;1.0
duboys;1.0
fresney;1.0
dufrèche;1.0
dupuy;2.0
durand;1.0
aude;1.0
alex;1.0
ellen;1.0
prévôt;1.0
emile-dumas;1.0
espl;1.0
vent;1.0
estourbeillon;1.0
eymond;1.0
charente-inférieure;1.0
fayolle;1.0
ftandin;1.0
flarelle;1.0
fleuret;1.0
fourment;1.0
françois-founier;1.0
franklin-bouillon;1.0
friogant;1.0
gailhard-bancel;1.0
ganault;1.0
garat;1.0
gas;1.0
parin;1.0
bouches-du-llhône;1.0
giràrd-màdoux;1.0
giray;1.0
niaux;1.0
goude;1.0
-fintstère;1.0
goust;1.0
seine-et;1.0
oise;1.0
gouyon;2.0
françois;3.0
corrèze;1.0
grovs;1.0
sau;1.0
guernier;1.0
ille-et-vilaine;1.0
guï-chard;1.0
guichenné;1.0
guiraud;1.0
haudos;1.0
hauct;1.0
saône-etloire;1.0
roy;2.0
simon;2.0
hubert;2.0
rouger;1.0
longuet;1.0
jouancoux;1.0
joubert-peyrot;1.0
jovclet;1.0
labroue;1.0
lachaud;1.0
laffcrro;1.0
loire;4.0
lagrosillière;1.0
lajarrige;1.0
lavoinne;1.0
lebev;1.0
lefèvre;1.0
lemoine;1.0
rouzic;1.0
leygues;1.0
lissac;1.0
loriot;1.0
loustalot;1.0
loup;1.0
lugol;1.0
mackau;1.0
baron;2.0
magniaudé;1.0
mabieu;1.0
mando;2.0
manus;1.0
masse;1.0
mathis;2.0
haute-saône;2.0
marc;2.0
vosges;1.0
damour;1.0
millerand;1.0
milliaux;1.0
molle;1.0
hérault;1.0
mons;1.0
monzie;1.0
morel;2.0
décalais;1.0
mourier;1.0
nadi;1.0
nectoux;1.0
noguès;1.0
noulens;1.0
ossola;1.0
pacaud;1.0
pain;1.0
parvy;1.0
patureau-baronnet;1.0
constans;2.0
paul-meunier;1.0
périer;2.0
amans;1.0
vendée;2.0
perrier;1.0
pezet;1.0
pichery;1.0
pierangeli;1.0
piou;1.0
jacques;3.0
planche;1.0
plichon;1.0
plissonnier;1.0
ponsot;1.0
jura;2.0
poullan;2.0
pouzet;1.0
pressemane;1.0
adrien;4.0
rabier;1.0
rabouin;1.0
alfred;2.0
raffindugens;1.0
raynaud;1.0
reboul;1.0
renoult;1.0
revault;1.0
ribet;1.0
haute-garonne;1.0
hochereau;1.0
roden;1.0
rognon;1.0
roux-costadau;1.0
sarrazin;1.0
simonet;1.0
simyan;1.0
sixte-quenin;1.0
tailliandier;1.0
ternois;1.0
thivrier;1.0
thomson;1.0
tissier;1.0
tournan;1.0
turmel;1.0
valière;1.0
veber;1.0
verlot;1.0
vigne;1.0
octave;1.0
villault-duchesnois;1.0
viollette;1.0
voillot;1.0
walter;1.0
weiller;1.0
lazare;1.0
william;1.0
ybarnégaray;1.0
ajam;1.0
thomas;1.0
amodru;1.0
andrieux;1.0
bassesalpes;1.0
arago;1.0
briand;1.0
bagneux;1.0
comte;4.0
balitrand;1.0
barrès;1.0
baudet;1.0
bérard;1.0
boury;1.0
brice;1.0
brousse;1.0
emmanuel;1.0
cazauvieilh;1.0
cels;1.0
chaumet;1.0
chaumié;1.0
chautemps;1.0
alphonse;1.0
clementel;1.0
denys;1.0
cornudet;1.0
vicomte;1.0
crepel;1.0
dalimier;1.0
delaroche-vernet;1.0
delonitsorbé;1.0
derangère;1.0
dion;1.0
etienne;1.0
chanal;1.0
failliot;1.0
fernand-brun;1.0
forgeot;1.0
foucher;1.0
gaffier;1.0
galli;1.0
gaston;2.0
dumesnil;2.0
maine-et-loire;1.0
gaston-treignier;1.0
creuse;1.0
germain;1.0
giacobbi;1.0
ginoux;1.0
defermon;1.0
giordan;1.0
godart;1.0
justin;1.0
ili;1.0
jlrd;1.0
grandmaison;1.0
guesde;1.0
guist;1.0
hau;1.0
iiennessy-;1.0
jameskxhennessy;1.0
iiugon;1.0
lriart;1.0
etchepare;1.0
judët;1.0
lairolle;1.0
laniel;1.0
renri;1.0
trémoïlle;1.0
duode;1.0
lëfas;1.0
legrand;1.0
leredu;1.0
troadec;1.0
orne;1.0
malvy;1.0
margaine;1.0
maunourv;1.0
gabriel;1.0
srronck;1.0
métis;1.0
montjou;1.0
mou-lier;1.0
xail;1.0
érel;1.0
neyrct;1.0
biaise;1.0
painlf;1.0
laffont;1.0
clo;1.0
corsé;1.0
pugliesi-;1.0
conti;1.0
raiberti;1.0
rajon;1.0
rciile-soult;1.0
duc;3.0
dalmatie;1.0
réville;1.0
roch;1.0
roche;1.0
sembat;1.0
sibille;1.0
siegfried;1.0
théveny;1.0
thierry;1.0
thierry-delanoue;1.0
wendel;1.0
baudry;1.0
asson;1.0
blacas;1.0
bouctot;1.0
castelnau;1.0
chappedelaine;1.0
côtesdu-nord;1.0
defontaine;1.0
malneet-loire;1.0
deschanel;1.0
fontaine;1.0
galpin;1.0
gérard;1.0
morbihan;1.0
gruet;1.0
hercé;1.0
lasies;1.0
lavrignais;1.0
lémery;1.0
maunoury;1.0
monplanet;1.0
paisant;1.0
ravisa;1.0
rontin;1.0
stern;1.0
liesse;1.0
dariac;1.0
péret;1.0
élé;1.0
armez;1.0
bourély;1.0
péronnet;1.0
dalbiez;1.0
godet;1.0
lauraine;1.0
maginot;1.0
mignot;1.0
bozérian;1.0
montaigu;1.0
pédoya;1.0
treignier;1.0
loir-etcher;1.0
yandame;1.0
absent;1.0
congk;1.0
abrami;1.0
anglès;1.0
aubigny;1.0
baslv;1.0
besnard;1.0
bignon;1.0
blaisot;1.0
anowski;1.0
borrel;1.0
bosquette;1.0
butin;1.0
charies;1.0
benoist;1.0
tarn-et-garonne;2.0
decroze;1.0
delcassé;1.0
delorv;1.0
deschumps;1.0
dessein;1.0
jacques-louis;1.0
paulin;1.0
dutreil;1.0
emile-favre;1.0
even;1.0
ferry;1.0
calvadm;1.0
rgardey;1.0
géo-gérala;1.0
quière;1.0
halgouet;1.0
-colonel;1.0
iloubé;1.0
inghels;1.0
jacquier;1.0
juigné;1.0
ferronnays;1.0
lamendib;1.0
lancien;1.0
leboucq;1.0
brecq;1.0
lebran;1.0
lofùvrc;1.0
eure;2.0
legros;1.0
ord;1.0
teroy;1.0
modeste;1.0
inistêre;1.0
maître;1.0
messimy;1.0
meunier-surcouf;1.0
millevoye;1.0
monti;1.0
rézé;1.0
mun;1.0
péchadre;1.0
peyroux;1.0
peytral;1.0
pierre-robert;1.0
puineuf;1.0
colonelde;1.0
ragheboom;1.0
ribeyre;1.0
haute-loire;1.0
robic;1.0
rohan;1.0
roulleaux-dugage;1.0
sarraut;1.0
schmidt;1.0
sireyjol;1.0
sorriaux;1.0
tardieu;1.0
meuseu;1.0
tournade;1.0
lt-colonel;1.0
viellard;1.0
côte-d;1.0
annoncés;1.0
vérification;1.0
rectifiés;1.0
rectification;1.0
drivet;3.0
déclarent;4.0
réa-;1.0
ité;1.0
api;1.0
driyet;1.0
tre;1.0
po-ri;1.0
gfrojet;1.0
pen;1.0
stoit;1.0
levaésseur;1.0
porlâ;1.0
